SET FOREIGN_KEY_CHECKS = 0;

DROP TABLE IF EXISTS  `wx_admin`;
CREATE TABLE `wx_admin` (
  `id` int(11) NOT NULL AUTO_INCREMENT,
  `nickname` varchar(125) NOT NULL DEFAULT '' COMMENT '分后台的昵称',
  `username` varchar(255) NOT NULL DEFAULT '',
  `password` char(32) NOT NULL DEFAULT '',
  `ip` int(11) NOT NULL DEFAULT '0',
  `login_time` int(11) NOT NULL DEFAULT '0',
  `last_time` int(11) NOT NULL DEFAULT '0' COMMENT '上次登录时间',
  PRIMARY KEY (`id`)
) ENGINE=InnoDB AUTO_INCREMENT=4 DEFAULT CHARSET=utf8 COMMENT='管理员表';

insert into `wx_admin`(`id`,`nickname`,`username`,`password`,`ip`,`login_time`,`last_time`) values
('1','总后台','admin','773fe6538b9d8d45aed633f7e25ee31d','29496867','1523689541','1523688617');
DROP TABLE IF EXISTS  `wx_config`;
CREATE TABLE `wx_config` (
  `id` int(11) NOT NULL AUTO_INCREMENT,
  `wxname` varchar(255) NOT NULL DEFAULT '',
  `wxid` varchar(40) NOT NULL DEFAULT '',
  `weixin` varchar(30) NOT NULL DEFAULT '',
  `appid` varchar(255) NOT NULL DEFAULT '',
  `appsecret` varchar(255) NOT NULL DEFAULT '',
  `machid` bigint(20) unsigned NOT NULL DEFAULT '0',
  `mkey` varchar(32) NOT NULL DEFAULT '',
  PRIMARY KEY (`id`)
) ENGINE=InnoDB AUTO_INCREMENT=4 DEFAULT CHARSET=utf8 ROW_FORMAT=COMPACT;

insert into `wx_config`(`id`,`wxname`,`wxid`,`weixin`,`appid`,`appsecret`,`machid`,`mkey`) values
('1','达人成长记','达人成长记','','wx23c58162a16d2581','7f65d512493032acd487f0b5f594ef35','1384252902','qazwsxedcrfvtgbyhnujmikolpqazwsx');
DROP TABLE IF EXISTS  `wx_finance_log`;
CREATE TABLE `wx_finance_log` (
  `id` int(11) NOT NULL AUTO_INCREMENT,
  `user_id` int(11) NOT NULL DEFAULT '0',
  `xj_userid` int(11) NOT NULL DEFAULT '0',
  `number` decimal(10,2) NOT NULL DEFAULT '0.00',
  `state` tinyint(3) NOT NULL DEFAULT '0' COMMENT '1 金额 2 积分',
  `type` tinyint(3) NOT NULL DEFAULT '0' COMMENT '4 每周新增业绩返还金额',
  `create_time` int(11) NOT NULL DEFAULT '0',
  `order_id` int(11) NOT NULL DEFAULT '0',
  PRIMARY KEY (`id`)
) ENGINE=InnoDB AUTO_INCREMENT=49 DEFAULT CHARSET=utf8;

insert into `wx_finance_log`(`id`,`user_id`,`xj_userid`,`number`,`state`,`type`,`create_time`,`order_id`) values
('1','1','0',1.00,'2','13','1523522715','147'),
('2','2','1',0.05,'1','2','1523522715','147'),
('3','1','1',0.05,'1','2','1523522715','147'),
('4','1','1',0.05,'1','2','1523522715','147'),
('5','1','1',1.00,'1','3','1523522715','147'),
('6','2','1',1.00,'1','3','1523522715','147'),
('7','1','0',0.23,'2','13','1523523647','154'),
('8','2','1',0.10,'1','2','1523523647','154'),
('9','2','1',1.00,'1','3','1523523647','154'),
('10','9','0',1.00,'2','13','1523526705','170'),
('11','1','9',1.00,'1','3','1523526705','170'),
('12','7','0',0.23,'2','13','1523526935','162'),
('13','1','7',1.00,'1','3','1523526935','162'),
('14','2','0',1.00,'2','13','1523528651','194'),
('15','1','2',0.18,'1','2','1523528651','194'),
('16','1','2',1.00,'1','3','1523528651','194'),
('17','2','0',1.00,'2','13','1523529416','196'),
('18','1','2',0.18,'1','2','1523529416','196'),
('19','1','2',1.00,'1','3','1523529416','196'),
('20','6','0',1.00,'2','13','1523530568','201'),
('21','1','6',1.00,'1','3','1523530568','201'),
('22','1','0',1.00,'2','13','1523603462','215'),
('23','1','0',100.00,'2','12','1523607732','0'),
('24','1','0',100.00,'2','12','1523607739','0'),
('25','1','0',100.00,'2','12','1523607744','0'),
('26','1','0',100.00,'2','12','1523607750','0'),
('27','1','0',100.00,'2','12','1523607755','0'),
('28','1','0',100.00,'2','12','1523607761','0'),
('29','9','0',1.00,'2','13','1523669558','221'),
('30','1','9',0.10,'1','2','1523669558','221'),
('31','1','9',1.00,'1','3','1523669558','221'),
('32','1','0',10.00,'1','6','1523669607','0'),
('33','1','0',10.00,'1','6','1523669617','0'),
('34','9','0',0.23,'2','13','1523669627','222'),
('35','1','9',0.10,'1','2','1523669627','222'),
('36','1','9',1.00,'1','3','1523669627','222'),
('37','1','0',10.00,'1','6','1523669672','0'),
('38','1','0',10.00,'1','6','1523669729','0'),
('39','1','0',0.23,'2','13','1523669789','223'),
('40','9','0',0.23,'2','13','1523669881','224'),
('41','1','9',0.05,'1','2','1523669881','224'),
('42','1','9',1.00,'1','3','1523669881','224'),
('43','2','0',0.23,'2','13','1523670603','225'),
('44','1','2',0.05,'1','2','1523670603','225'),
('45','1','2',1.00,'1','3','1523670603','225'),
('46','3','0',0.23,'2','13','1523689467','233'),
('47','1','3',0.05,'1','2','1523689467','233'),
('48','1','0',-50.00,'1','6','1523689891','0');
DROP TABLE IF EXISTS  `wx_good_jifen_pic`;
CREATE TABLE `wx_good_jifen_pic` (
  `id` int(11) NOT NULL AUTO_INCREMENT,
  `good_id` int(11) unsigned NOT NULL DEFAULT '0',
  `pic_url` varchar(255) NOT NULL DEFAULT '',
  `code` int(11) unsigned NOT NULL DEFAULT '0',
  PRIMARY KEY (`id`),
  KEY `good_id` (`good_id`)
) ENGINE=InnoDB AUTO_INCREMENT=35 DEFAULT CHARSET=utf8 ROW_FORMAT=COMPACT;

insert into `wx_good_jifen_pic`(`id`,`good_id`,`pic_url`,`code`) values
('30','1','/uploads/shop/5ac9c4460b071.png','0'),
('31','15','/uploads/shop/5ac9c43955af0.png','0'),
('33','15','/uploads/shop/5ac9c433cc463.png','0'),
('34','8','/uploads/shop/5ac9c433cc463.png','0');
DROP TABLE IF EXISTS  `wx_goods_jifen`;
CREATE TABLE `wx_goods_jifen` (
  `id` int(11) NOT NULL AUTO_INCREMENT,
  `good_name` varchar(255) NOT NULL DEFAULT '',
  `good_price` decimal(11,2) unsigned NOT NULL DEFAULT '0.00' COMMENT '商品的价格',
  `good_desc` text NOT NULL COMMENT '商品的简介',
  `number` int(11) unsigned NOT NULL DEFAULT '0' COMMENT '当前商品的库存',
  `xiaoliang` int(11) NOT NULL DEFAULT '0' COMMENT '销量',
  PRIMARY KEY (`id`)
) ENGINE=InnoDB AUTO_INCREMENT=16 DEFAULT CHARSET=utf8 ROW_FORMAT=COMPACT;

insert into `wx_goods_jifen`(`id`,`good_name`,`good_price`,`good_desc`,`number`,`xiaoliang`) values
('1','香水',599.00,'<p>香水<br/></p>','88','22'),
('8','口红',0.01,'<p><img src="/images/upload/image/20180321/1521598053132634.jpg" style=""/></p><p><img src="/images/upload/image/20180321/1521598038692503.jpg" style=""/></p><p><img src="/images/upload/image/20180321/1521626906714809.png" style=""/></p><p><img src="/images/upload/image/20180313/1520937140103405.jpg" style=""/></p><p><br/></p>','4','12'),
('15','口红',3424.00,'<p>口红<br/></p>','4324','432432');
DROP TABLE IF EXISTS  `wx_goods_jifen_order`;
CREATE TABLE `wx_goods_jifen_order` (
  `id` int(11) NOT NULL AUTO_INCREMENT,
  `user_id` int(11) NOT NULL DEFAULT '0',
  `address_info` varchar(255) NOT NULL DEFAULT '0',
  `order_sn` varchar(20) NOT NULL DEFAULT '0' COMMENT '订单号',
  `jifen` decimal(10,2) NOT NULL DEFAULT '0.00' COMMENT '使用的积分，当order_type为1 和2 是有值',
  `content` text,
  `state` bigint(20) NOT NULL DEFAULT '0' COMMENT '付钱状态',
  `type` int(11) NOT NULL DEFAULT '0' COMMENT '0：未发货 1 待收货 2 已收货',
  `kd_name` varchar(255) NOT NULL DEFAULT '' COMMENT '快递名字',
  `kd_number` varchar(255) NOT NULL DEFAULT '' COMMENT '快递编号',
  `create_time` varchar(20) NOT NULL DEFAULT '',
  `pay_time` varchar(20) NOT NULL DEFAULT '' COMMENT '下单时间',
  `is_true` tinyint(1) NOT NULL DEFAULT '0' COMMENT '当订单没有支付后两个小时内，自动处理订单，商品库存增加，同时is_true为1，下次不再查这个订单',
  `good_id` int(11) NOT NULL DEFAULT '0',
  `good_name` varchar(255) NOT NULL DEFAULT '',
  `good_num` int(11) NOT NULL DEFAULT '0',
  `good_pic` varchar(255) NOT NULL DEFAULT '',
  PRIMARY KEY (`id`)
) ENGINE=InnoDB AUTO_INCREMENT=229 DEFAULT CHARSET=utf8;

insert into `wx_goods_jifen_order`(`id`,`user_id`,`address_info`,`order_sn`,`jifen`,`content`,`state`,`type`,`kd_name`,`kd_number`,`create_time`,`pay_time`,`is_true`,`good_id`,`good_name`,`good_num`,`good_pic`) values
('2','1','2','11521454139',0.00,'','1','0','','','1521454139','1521701400','1','0','','0',''),
('3','4','2','11521455776',0.00,'','1','0','','','1521455776','','1','0','','0',''),
('4','1','2','11521525886',0.00,'','1','0','','','1521525886','','1','0','','0',''),
('5','1','2','11521525889',0.00,'','1','0','','','1521525889','','1','0','','0',''),
('6','1','2','11521525893',0.00,'','1','0','','','1521525893','','0','0','','0',''),
('7','1','2','11521526025',0.00,'','1','0','','','1521526025','','0','0','','0',''),
('19','3','10','31521679524',99999999.99,'','1','0','','','1521679524','','1','0','','0',''),
('20','3','10','31521680030',0.00,'','1','0','','','1521680030','','1','0','','0',''),
('21','3','10','31521680075',0.00,'','1','0','','','1521680075','','1','0','','0',''),
('22','3','10','31521680087',0.00,'','1','0','','','1521680087','','1','0','','0',''),
('23','3','10','31521680227',0.00,'','1','0','','','1521680227','','1','0','','0',''),
('24','3','10','31521680400',99999999.99,'','1','0','','','1521680400','','1','0','','0',''),
('25','3','10','31521680556',100.00,'','1','0','','','1521680556','','1','0','','0',''),
('26','3','10','31521681415',0.00,'','1','0','','','1521681415','','1','0','','0',''),
('27','3','10','31521681428',99999999.99,'','1','0','','','1521681428','','1','0','','0',''),
('28','3','10','31521681431',99999999.99,'','1','0','','','1521681431','','1','0','','0',''),
('29','3','10','31521685528',0.00,'','1','0','','','1521685528','','1','0','','0',''),
('30','3','10','31521688272',0.00,'','1','0','','','1521688272','','0','0','','0',''),
('32','3','10','31521691702',0.00,'','1','0','','','1521691702','','0','0','','0',''),
('33','3','9','31521692548',100.00,'','1','0','','','1521692548','','0','0','','0',''),
('34','3','9','31521693427',100.00,'','1','0','','','1521693427','','0','0','','0',''),
('35','3','10','31521693568',0.00,'','1','2','123123123','123123123123123','1521693568','','0','0','','0',''),
('38','3','10','31521699113',0.00,'','1','0','','','1521699113','','1','0','','0',''),
('39','1','11','11521700678',0.00,'呵呵呵','1','0','','','1521700678','1521701400','0','0','','0',''),
('40','1','11','11521700966',0.00,'','1','0','','','1521700966','1521701402','0','0','','0',''),
('41','1','11','11521701203',0.00,'','1','0','','','1521701203','1521701237','0','0','','0',''),
('42','1','11','11521701511',0.00,'呵呵','1','2','231','12312','1521701511','1521701557','0','0','','0',''),
('43','1','11','11521701710',10.00,'呵呵','1','0','','','1521701710','','1','0','','0',''),
('44','1','11','11521701757',10.00,'','1','0','','','1521701757','1521701757','0','0','','0',''),
('46','3','10','31521709109',0.00,'','1','0','','','1521709109','','1','0','','0',''),
('47','3','9','31521710789',0.00,'','1','0','','','1521710789','','1','0','','0',''),
('48','1','11','11521714110',10.00,'尽快发货','1','0','','','1521714110','1521714110','0','0','','0',''),
('49','1','11','11521714128',0.00,'','1','0','','','1521714128','','1','0','','0',''),
('50','1','11','11521714141',0.00,'','1','0','','','1521714141','','1','0','','0',''),
('51','1','11','11521714169',0.00,'','1','0','','','1521714169','','1','0','','0',''),
('52','1','11','11521714184',0.00,'','1','0','','','1521714184','','1','0','','0',''),
('53','3','9','31521717134',0.00,'','1','0','','','1521717134','','1','0','','0',''),
('54','1','11','11521719421',0.00,'','1','0','','','1521719421','','1','0','','0',''),
('55','1','11','11521719445',0.00,'','1','0','','','1521719445','','1','0','','0',''),
('56','1','11','11521719458',0.00,'','1','0','','','1521719458','','1','0','','0',''),
('57','1','11','11521719468',0.00,'','1','0','','','1521719468','','1','0','','0',''),
('58','1','11','11521719515',0.00,'','1','0','','','1521719515','1521701757','1','0','','0',''),
('59','1','11','11521719743',0.00,'','1','0','','','1521719743','','1','0','','0',''),
('60','1','11','11521765070',10.00,'','1','0','','','1521765070','1521765070','0','0','','0',''),
('62','3','9','31521765842',0.00,'','1','0','','','1521765842','','1','0','','0',''),
('63','100006','12','1000061521767391',10.00,'','1','0','','','1521767391','','1','0','','0',''),
('64','100006','12','1000061521767443',0.00,'','1','0','','','1521767443','','1','0','','0',''),
('65','100006','16','1000061521771138',0.00,'','1','0','','','1521771138','','1','0','','0',''),
('67','100005','18','1000051521773409',0.00,'','1','0','','','1521773409','','1','0','','0',''),
('68','100005','18','1000051521773429',0.00,'','1','0','','','1521773429','','1','0','','0',''),
('69','1','11','11521773895',0.00,'','1','0','','','1521773895','','1','0','','0',''),
('70','100007','19','1000071521775326',10.00,'','1','0','','','1521775326','','1','0','','0',''),
('71','100007','19','1000071521775327',10.00,'','1','0','','','1521775327','','1','0','','0',''),
('72','100009','20','1000091521775438',0.00,'','1','0','','','1521775438','1521775797','0','0','','0',''),
('73','1','11','11521776697',0.00,'','1','0','','','1521776697','1521776720','0','0','','0',''),
('74','1','11','11521783623',0.00,'','1','0','','','1521783623','','1','0','','0',''),
('75','3','9','31521784335',0.00,'','1','0','','','1521784335','','1','0','','0',''),
('76','3','9','31521785288',0.00,'','1','0','','','1521785288','','1','0','','0',''),
('77','3','9','31521785400',0.00,'','1','0','','','1521785400','','1','0','','0',''),
('78','3','9','31521785474',10.00,'','1','0','','','1521785474','1521785474','0','0','','0',''),
('79','3','9','31521785478',100.00,'','1','0','','','1521785478','1521785478','0','0','','0',''),
('80','3','9','31521785494',0.00,'','1','0','','','1521785494','','1','0','','0',''),
('81','3','9','31521785593',10.00,'','1','0','','','1521785593','1521785593','0','0','','0',''),
('82','3','9','31521785624',10.00,'','1','0','','','1521785624','1521785624','0','0','','0',''),
('83','3','9','31521785632',10.00,'','1','0','','','1521785632','1521785632','0','0','','0',''),
('84','3','9','31521785786',100.00,'','1','0','','','1521785786','','1','0','','0',''),
('85','1','11','11521787362',0.00,'','1','0','','','1521787362','1521787448','0','0','','0',''),
('86','1','11','11521800465',0.00,'','1','0','','','1521800465','1521958300','1','0','','0',''),
('88','3','9','31521802445',100.00,'','1','0','','','1521802445','','1','0','','0',''),
('89','1','11','11521854160',0.00,'','1','0','','','1521854160','1521854190','0','0','','0',''),
('90','1','11','11521854296',0.00,'','1','0','','','1521854296','1521854316','0','0','','0',''),
('91','100008','21','1000081521872419',0.00,'','1','0','','','1521872419','','1','0','','0',''),
('92','100008','21','1000081521872477',0.00,'','1','0','','','1521872477','','1','0','','0',''),
('93','100008','21','1000081521879916',0.00,'','1','2','中通快递','2345678998','1521879916','1521880000','0','0','','0',''),
('133','1','11','11521886941',10.00,'','1','0','','','1521886941','1521958207','0','0','','0',''),
('148','100008','21','1000081521887499',0.00,'','1','0','','','1521887499','','1','0','','0',''),
('149','100013','22','1000131521957009',0.00,'','1','0','','','1521957009','','1','0','','0',''),
('150','1','11','11521957307',0.00,'','1','0','','','1521957307','','1','0','','0',''),
('151','3','10','31521957511',0.00,'','1','0','','','1521957511','','1','0','','0',''),
('152','3','10','31521957870',0.00,'','1','0','','','1521957870','','1','0','','0',''),
('153','3','10','31521957940',0.00,'','1','0','','','1521957940','','1','0','','0',''),
('154','1','11','11521958543',0.00,'','1','0','','','1521958543','1521958558','0','0','','0',''),
('155','1','11','11521960409',0.00,'','1','0','','','1521960409','1521960544','0','0','','0',''),
('163','1','11','11521964017',0.00,'','1','0','','','1521964017','','0','0','','0',''),
('164','3','10','31521965868',0.00,'','1','0','','','1521965868','','0','0','','0',''),
('165','3','10','31521966463',0.00,'','1','0','','','1521966463','','0','0','','0',''),
('166','3','10','31521966904',0.00,'','1','0','','','1521966904','','0','0','','0',''),
('167','3','10','31521966906',0.00,'','1','0','','','1521966906','','0','0','','0',''),
('168','3','10','31521967074',0.00,'','1','0','','','1521967074','','0','0','','0',''),
('169','3','10','31521967144',0.00,'','1','0','','','1521967144','','0','0','','0',''),
('170','3','10','31521967161',0.00,'','1','0','','','1521967161','','0','0','','0',''),
('171','3','10','31521967180',0.00,'','1','0','','','1521967180','','0','0','','0',''),
('172','3','10','31521967187',0.00,'','1','0','','','1521967187','','0','0','','0',''),
('173','3','10','31521967189',0.00,'','1','0','','','1521967189','','0','0','','0',''),
('174','3','10','31521967239',0.00,'','1','0','','','1521967239','','0','0','','0',''),
('175','3','10','31521967251',0.00,'','1','0','','','1521967251','','0','0','','0',''),
('176','3','10','31521967270',0.00,'','1','0','','','1521967270','','0','0','','0',''),
('177','3','10','31521967283',0.00,'','1','0','','','1521967283','','0','0','','0',''),
('178','3','10','31521967349',0.00,'','1','0','','','1521967349','','0','0','','0',''),
('179','3','10','31521967469',0.00,'','1','0','','','1521967469','','0','0','','0',''),
('180','3','10','31521967515',0.00,'','1','0','','','1521967515','','0','0','','0',''),
('181','3','10','31521967534',0.00,'','1','0','','','1521967534','','0','0','','0',''),
('182','3','10','31521967629',0.00,'','1','0','','','1521967629','','0','0','','0',''),
('183','3','10','31521967746',0.00,'','1','0','','','1521967746','','0','0','','0',''),
('184','3','10','31521967765',0.00,'','1','0','','','1521967765','','0','0','','0',''),
('185','3','10','31521967793',0.00,'','1','0','','','1521967793','','0','0','','0',''),
('186','3','10','31521967798',0.00,'','1','0','','','1521967798','','0','0','','0',''),
('187','3','10','31521967840',0.00,'','1','0','','','1521967840','','0','0','','0',''),
('188','3','10','31521967867',0.00,'','1','0','','','1521967867','','0','0','','0',''),
('189','3','10','31521968048',0.00,'','1','0','','','1521968048','','0','0','','0',''),
('190','3','10','31521968115',0.00,'','1','0','','','1521968115','','0','0','','0',''),
('191','3','10','31521968154',0.00,'','1','0','','','1521968154','','0','0','','0',''),
('192','3','10','31521968283',0.00,'','1','0','','','1521968283','','0','0','','0',''),
('193','3','10','31521968303',0.00,'','1','0','','','1521968303','','0','0','','0',''),
('194','3','10','31521968654',0.00,'','1','0','','','1521968654','','0','0','','0',''),
('195','3','10','31521968690',0.00,'','1','0','','','1521968690','','0','0','','0',''),
('196','3','10','31521968753',0.00,'','1','0','','','1521968753','','0','0','','0',''),
('197','3','10','31521968867',0.00,'','1','0','','','1521968867','','0','0','','0',''),
('198','3','10','31521969230',0.00,'','1','0','','','1521969230','','0','0','','0',''),
('199','3','10','31521969259',0.00,'','1','0','','','1521969259','','0','0','','0',''),
('200','3','10','31521969284',0.00,'','1','0','','','1521969284','','0','0','','0',''),
('201','3','10','31521969287',0.00,'','1','0','','','1521969287','','0','0','','0',''),
('202','3','10','31521969315',0.00,'','1','0','','','1521969315','','0','0','','0',''),
('203','3','10','31521969421',0.00,'','1','0','','','1521969421','','0','0','','0',''),
('204','3','10','31521969479',0.00,'','1','0','','','1521969479','','0','0','','0',''),
('205','3','10','31521969484',0.00,'','1','0','','','1521969484','','0','0','','0',''),
('206','3','10','31521969489',0.00,'','1','0','','','1521969489','','0','0','','0',''),
('207','3','10','31521969507',0.00,'','1','0','','','1521969507','','0','0','','0',''),
('208','3','10','31521969521',0.00,'','1','0','','','1521969521','','0','0','','0',''),
('209','3','10','31521969544',0.00,'','1','0','','','1521969544','','0','0','','0',''),
('210','3','10','31521969583',0.00,'','1','0','','','1521969583','','0','0','','0',''),
('211','3','10','31521969585',0.00,'','1','0','','','1521969585','','0','0','','0',''),
('212','3','10','31521969603',0.00,'','1','0','','','1521969603','','0','0','','0',''),
('213','3','10','31521969605',0.00,'','1','0','','','1521969605','','0','0','','0',''),
('214','3','10','31521969617',0.00,'','1','1','yuantong','25433223','1521969617','1521969479','0','1','发的撒发生','23','/uploads/shop/5abb081765bd8.jpg'),
('215','1','李佳飞,18317774594,世玺中心,河南省郑州市巩义市孝义街道','11522406070',599.00,'快点发货','0','0','','','1522406070','','0','1','电脑','1','/uploads/shop/5ab650a8b0809.jpg'),
('216','1','李佳飞,18317774594,世玺中心,河南省郑州市巩义市孝义街道','11522406121',5990.00,'快点发货','0','0','','','1522406121','','0','1','电脑','10','/uploads/shop/5ab650a8b0809.jpg'),
('217','1','李佳飞,18317774594,世玺中心,河南省郑州市巩义市孝义街道','11522638480',1198.00,'快点发货','0','0','','','1522638480','','0','1','电脑','2','/uploads/shop/5ab650a8b0809.jpg'),
('219','1','李佳飞,18317774594,世玺中心,河南省郑州市巩义市孝义街道','11522638694',1198.00,'快点发货','1','0','','','1522638694','1522638694','0','1','电脑','2','/uploads/shop/5ab650a8b0809.jpg'),
('220','1','李佳飞,18317774594,世玺中心,河南省郑州市巩义市孝义街道','11522638802',1198.00,'快点发货','1','0','','','1522638802','1522638802','0','1','电脑','2','/uploads/shop/5ab650a8b0809.jpg'),
('221','1','李佳飞,18317774594,世玺中心,河南省郑州市巩义市孝义街道','11522639208',1198.00,'快点发货','1','0','','','1522639208','1522639208','0','1','电脑','2','/uploads/shop/5ab650a8b0809.jpg'),
('222','1','李佳飞,18317774594,世玺中心,河南省郑州市巩义市孝义街道','11522639221',1198.00,'快点发货','1','0','','','1522639221','1522639221','0','1','电脑','2','/uploads/shop/5ab650a8b0809.jpg'),
('223','1','李佳飞,18317774594,世玺中心,河南省郑州市巩义市孝义街道','11522640796',1198.00,'快点发货','1','0','','','1522640796','1522640796','0','1','电脑','2','/uploads/shop/5ab650a8b0809.jpg'),
('224','1','李佳飞,18317774594,世玺中心,河南省郑州市巩义市孝义街道','11522648676',1198.00,'快点发货','1','0','','','1522648676','1522648676','0','1','电脑','2','/uploads/shop/5ab650a8b0809.jpg'),
('225','1','李佳飞,18317774594,世玺中心,河南省郑州市巩义市孝义街道','11522649843',1198.00,'快点发货','1','1','yuantong','12345678','1522649843','1522649843','0','1','电脑','2','/uploads/shop/5ab650a8b0809.jpg'),
('226','1','李佳飞,18317774594,世玺中心,河南省郑州市巩义市孝义街道','11522649851',1198.00,'快点发货','1','2','','','1522649851','1522649851','0','1','电脑','2','/uploads/shop/5ab650a8b0809.jpg'),
('227','1','王振,18595906710,实习中心,北京市市辖区东城区东华门街道','11523325050',0.01,'','1','2','yuantong','1234567890','1523325050','1523325050','0','8','口红','1','/uploads/shop/5ac9c433cc463.png'),
('228','8','李佳飞,18317774594,世玺中心,河南省郑州市管城回族区北下街街道','81523353547',0.01,'','1','0','','','1523353547','1523353547','0','8','口红','1','/uploads/shop/5ac9c433cc463.png');
DROP TABLE IF EXISTS  `wx_img`;
CREATE TABLE `wx_img` (
  `id` int(11) NOT NULL AUTO_INCREMENT,
  `path` varchar(255) NOT NULL DEFAULT '',
  `url` varchar(255) NOT NULL,
  `type` tinyint(1) NOT NULL DEFAULT '0' COMMENT '1是轮播图图片 2 是特色专区图片 3 积分商城的轮播图\n',
  `state` tinyint(1) NOT NULL DEFAULT '0' COMMENT '当type=2是这个表示是左边的一张图片  还是右边的两章图片',
  PRIMARY KEY (`id`)
) ENGINE=InnoDB AUTO_INCREMENT=5 DEFAULT CHARSET=utf8;

insert into `wx_img`(`id`,`path`,`url`,`type`,`state`) values
('3','/uploads/imglist/banner.png','','1','0'),
('4','/uploads/imglist/banner.png','','1','0');
DROP TABLE IF EXISTS  `wx_libao_order`;
CREATE TABLE `wx_libao_order` (
  `id` int(11) NOT NULL AUTO_INCREMENT,
  `user_id` int(11) NOT NULL DEFAULT '0',
  `name` varchar(32) NOT NULL,
  `tel` varchar(32) NOT NULL,
  `address` varchar(225) NOT NULL,
  `good_name` varchar(32) NOT NULL,
  `type` tinyint(1) NOT NULL DEFAULT '0' COMMENT '0未发货 1 已发货 2 已收货',
  `create_time` int(11) NOT NULL DEFAULT '0',
  `kd_name` varchar(32) NOT NULL,
  `kd_number` varchar(125) NOT NULL,
  PRIMARY KEY (`id`)
) ENGINE=InnoDB AUTO_INCREMENT=3 DEFAULT CHARSET=utf8 COMMENT='用户领取的礼包订单';

insert into `wx_libao_order`(`id`,`user_id`,`name`,`tel`,`address`,`good_name`,`type`,`create_time`,`kd_name`,`kd_number`) values
('1','1','李佳飞','18317774594','河南省郑州市世玺中心2416','产品一套','1','1522804352','shunfeng','2342432423'),
('2','8','tret','13012345678','ytutyr','产品一套','0','1523334211','','');
DROP TABLE IF EXISTS  `wx_lottery_list`;
CREATE TABLE `wx_lottery_list` (
  `id` int(11) NOT NULL AUTO_INCREMENT,
  `img` varchar(125) NOT NULL DEFAULT '',
  `is_win` tinyint(1) NOT NULL DEFAULT '0' COMMENT '是否是中奖产品',
  `code` tinyint(1) NOT NULL DEFAULT '0' COMMENT '唯一不变的值',
  `desc` varchar(225) NOT NULL COMMENT '奖项描述',
  PRIMARY KEY (`id`)
) ENGINE=InnoDB AUTO_INCREMENT=16 DEFAULT CHARSET=utf8 COMMENT='奖项的记录\n';

insert into `wx_lottery_list`(`id`,`img`,`is_win`,`code`,`desc`) values
('10','/uploads/imglist/back.png','1','2',''),
('11','/uploads/imglist/购物车.png','0','3',''),
('12','/uploads/imglist/分类.png','0','4',''),
('13','/uploads/imglist/大转盘.png','0','5',''),
('14','/uploads/imglist/产品图片迪奥.png','0','6',''),
('15','/uploads/imglist/首页.png','1','1','电脑一台');
DROP TABLE IF EXISTS  `wx_lottery_log`;
CREATE TABLE `wx_lottery_log` (
  `id` int(11) NOT NULL AUTO_INCREMENT,
  `user_id` int(11) NOT NULL DEFAULT '0',
  `jifen` decimal(10,2) NOT NULL DEFAULT '0.00',
  `lottery_code` tinyint(1) NOT NULL DEFAULT '0',
  `desc` varchar(225) NOT NULL,
  `create_time` int(11) NOT NULL DEFAULT '0',
  PRIMARY KEY (`id`)
) ENGINE=InnoDB AUTO_INCREMENT=52 DEFAULT CHARSET=utf8 COMMENT='转盘记录';

insert into `wx_lottery_log`(`id`,`user_id`,`jifen`,`lottery_code`,`desc`,`create_time`) values
('1','1',100.00,'1','电脑一台','1523182855'),
('2','1',100.00,'2','','1523182894'),
('3','1',100.00,'2','','1523256140'),
('4','1',100.00,'1','电脑一台','1523256161'),
('5','1',100.00,'2','','1523256180'),
('6','1',100.00,'2','','1523256188'),
('7','1',100.00,'2','','1523256371'),
('8','1',100.00,'2','','1523256603'),
('9','1',100.00,'2','','1523256622'),
('10','1',100.00,'2','','1523256640'),
('11','1',100.00,'2','','1523256663'),
('12','1',100.00,'1','电脑一台','1523256686'),
('13','1',100.00,'2','','1523256691'),
('14','1',100.00,'1','电脑一台','1523256705'),
('15','1',100.00,'2','','1523256714'),
('16','1',100.00,'2','','1523256725'),
('17','1',100.00,'1','电脑一台','1523256794'),
('18','1',100.00,'1','电脑一台','1523256810'),
('19','1',100.00,'2','','1523257493'),
('20','1',100.00,'1','电脑一台','1523257498'),
('21','1',100.00,'2','','1523257527'),
('22','1',100.00,'2','','1523257557'),
('23','1',100.00,'1','电脑一台','1523257572'),
('24','1',100.00,'1','电脑一台','1523257582'),
('25','1',100.00,'2','','1523257592'),
('26','1',100.00,'2','','1523257596'),
('27','1',100.00,'1','电脑一台','1523257783'),
('28','1',100.00,'1','电脑一台','1523258066'),
('29','1',100.00,'1','电脑一台','1523258066'),
('30','1',100.00,'2','','1523258103'),
('31','1',100.00,'1','电脑一台','1523258143'),
('32','1',100.00,'1','电脑一台','1523258244'),
('33','1',100.00,'2','','1523258348'),
('34','1',100.00,'2','','1523259187'),
('35','1',100.00,'2','','1523259322'),
('36','10',100.00,'1','电脑一台','1523356331'),
('37','10',100.00,'1','电脑一台','1523356346'),
('38','10',100.00,'1','电脑一台','1523356366'),
('39','10',100.00,'1','电脑一台','1523356384'),
('40','10',100.00,'1','电脑一台','1523356761'),
('41','10',100.00,'2','','1523357938'),
('42','10',100.00,'1','电脑一台','1523358213'),
('43','10',100.00,'2','','1523358220'),
('44','10',100.00,'1','电脑一台','1523358224'),
('45','10',100.00,'2','','1523407850'),
('46','1',100.00,'2','','1523607732'),
('47','1',100.00,'2','','1523607739'),
('48','1',100.00,'1','电脑一台','1523607744'),
('49','1',100.00,'2','','1523607750'),
('50','1',100.00,'1','电脑一台','1523607755'),
('51','1',100.00,'1','电脑一台','1523607761');
DROP TABLE IF EXISTS  `wx_menu`;
CREATE TABLE `wx_menu` (
  `id` int(11) NOT NULL AUTO_INCREMENT,
  `pid` int(11) NOT NULL DEFAULT '0',
  `title` varchar(50) NOT NULL DEFAULT '',
  `keyword` varchar(50) NOT NULL DEFAULT '',
  `url` varchar(220) NOT NULL DEFAULT '',
  `is_show` int(1) NOT NULL DEFAULT '1',
  `type` varchar(26) DEFAULT '0',
  `code` int(11) NOT NULL DEFAULT '0',
  PRIMARY KEY (`id`)
) ENGINE=InnoDB AUTO_INCREMENT=9 DEFAULT CHARSET=utf8 ROW_FORMAT=DYNAMIC;

insert into `wx_menu`(`id`,`pid`,`title`,`keyword`,`url`,`is_show`,`type`,`code`) values
('4','0','商城首页','','http://nhsz.xiguawenhua.com','1','view','0');
DROP TABLE IF EXISTS  `wx_msg`;
CREATE TABLE `wx_msg` (
  `id` int(11) NOT NULL AUTO_INCREMENT,
  `key` varchar(255) NOT NULL DEFAULT '' COMMENT '聚合数据的key',
  `tel_id` int(11) NOT NULL DEFAULT '0' COMMENT '发送短信的模板id',
  PRIMARY KEY (`id`)
) ENGINE=InnoDB AUTO_INCREMENT=2 DEFAULT CHARSET=utf8;

insert into `wx_msg`(`id`,`key`,`tel_id`) values
('1','4c9ff96cc33a783b21329b8c20e8ee7c','34865');
DROP TABLE IF EXISTS  `wx_news`;
CREATE TABLE `wx_news` (
  `id` int(11) NOT NULL AUTO_INCREMENT,
  `keyword` varchar(255) NOT NULL DEFAULT '',
  `pic_url` varchar(255) NOT NULL DEFAULT '',
  `title` varchar(255) NOT NULL DEFAULT '',
  `desc` varchar(255) NOT NULL DEFAULT '',
  `content` text NOT NULL,
  `create_time` int(11) unsigned NOT NULL DEFAULT '0',
  `click` int(11) unsigned NOT NULL DEFAULT '0',
  `share` int(11) unsigned NOT NULL DEFAULT '0',
  `read_num` int(11) unsigned NOT NULL DEFAULT '0',
  `zan` int(11) unsigned NOT NULL DEFAULT '0',
  `code` int(11) unsigned NOT NULL DEFAULT '0',
  `pic_show` int(1) unsigned NOT NULL DEFAULT '1',
  `keyword_type` int(1) DEFAULT NULL COMMENT '1,完全匹配\n2，模糊匹配',
  `out_link` varchar(255) NOT NULL DEFAULT '',
  PRIMARY KEY (`id`)
) ENGINE=InnoDB AUTO_INCREMENT=4 DEFAULT CHARSET=utf8 ROW_FORMAT=COMPACT;

insert into `wx_news`(`id`,`keyword`,`pic_url`,`title`,`desc`,`content`,`create_time`,`click`,`share`,`read_num`,`zan`,`code`,`pic_show`,`keyword_type`,`out_link`) values
('2','优惠1','/uploads/shop/5abc5b2507ac9.jpg','商城首页优惠了','呵呵呵优惠了','<p>fsfsaffsafs发放撒发生发的撒发顺丰撒啊啊啊啊啊啊啊啊啊啊啊asfdsfsafdfdsfsd</p>','1522830125','2','0','22','0','1','1','0',''),
('3','电脑','/uploads/shop/5abb47614fd98.jpg','这时一个电脑','是的范德萨发几点撒发链接的刷卡缴费','<p><img src="/images/upload/image/20180328/1522206764905818.jpg" alt="1522206764905818.jpg"/></p><p>是的发送到发送到发送到</p><p>多舒服撒发生</p><p><img src="/images/upload/image/20180328/1522206802575937.jpg" alt="1522206802575937.jpg"/></p>','1522834653','1','0','4','0','1','0','1','');
DROP TABLE IF EXISTS  `wx_news_comment`;
CREATE TABLE `wx_news_comment` (
  `id` int(11) NOT NULL AUTO_INCREMENT,
  `new_id` int(11) unsigned NOT NULL DEFAULT '0',
  `user_id` int(11) unsigned NOT NULL DEFAULT '0',
  `content` text NOT NULL,
  `time` int(11) NOT NULL,
  `is_show` int(1) unsigned NOT NULL DEFAULT '1',
  `zan_num` int(11) unsigned NOT NULL DEFAULT '0',
  PRIMARY KEY (`id`)
) ENGINE=InnoDB DEFAULT CHARSET=utf8 ROW_FORMAT=DYNAMIC;

DROP TABLE IF EXISTS  `wx_news_comment_zan`;
CREATE TABLE `wx_news_comment_zan` (
  `id` int(11) NOT NULL AUTO_INCREMENT,
  `comment_id` int(11) unsigned NOT NULL DEFAULT '0',
  `new_id` int(11) unsigned NOT NULL DEFAULT '0',
  `user_id` int(11) unsigned NOT NULL DEFAULT '0',
  `time` int(11) unsigned NOT NULL DEFAULT '0',
  PRIMARY KEY (`id`)
) ENGINE=InnoDB DEFAULT CHARSET=utf8 ROW_FORMAT=DYNAMIC;

DROP TABLE IF EXISTS  `wx_news_zan`;
CREATE TABLE `wx_news_zan` (
  `id` int(11) NOT NULL AUTO_INCREMENT,
  `new_id` int(11) unsigned NOT NULL DEFAULT '0',
  `user_id` int(11) unsigned NOT NULL DEFAULT '0',
  `time` int(11) unsigned NOT NULL DEFAULT '0',
  PRIMARY KEY (`id`)
) ENGINE=InnoDB DEFAULT CHARSET=utf8 ROW_FORMAT=DYNAMIC;

DROP TABLE IF EXISTS  `wx_qrset`;
CREATE TABLE `wx_qrset` (
  `id` int(11) NOT NULL AUTO_INCREMENT,
  `pic_url` varchar(255) NOT NULL DEFAULT '',
  `font_size` int(3) unsigned NOT NULL DEFAULT '0',
  `font_color` varchar(30) NOT NULL,
  `font_x` smallint(5) unsigned NOT NULL DEFAULT '0',
  `font_y` smallint(5) unsigned NOT NULL DEFAULT '0',
  `head_size` smallint(5) unsigned NOT NULL DEFAULT '0',
  `head_x` smallint(5) unsigned NOT NULL DEFAULT '0',
  `head_y` smallint(5) unsigned NOT NULL DEFAULT '0',
  `qr_size` smallint(5) unsigned NOT NULL DEFAULT '0',
  `qr_x` smallint(5) unsigned NOT NULL DEFAULT '0',
  `qr_y` smallint(5) unsigned NOT NULL DEFAULT '0',
  PRIMARY KEY (`id`)
) ENGINE=InnoDB AUTO_INCREMENT=2 DEFAULT CHARSET=utf8 ROW_FORMAT=COMPACT;

insert into `wx_qrset`(`id`,`pic_url`,`font_size`,`font_color`,`font_x`,`font_y`,`head_size`,`head_x`,`head_y`,`qr_size`,`qr_x`,`qr_y`) values
('1','/uploads/shop/5ad197cf37112.png','20','250,232,32','330','481','70','239','440','290','230','530');
DROP TABLE IF EXISTS  `wx_shop_category`;
CREATE TABLE `wx_shop_category` (
  `cate_id` int(11) NOT NULL AUTO_INCREMENT,
  `pid` int(11) unsigned NOT NULL DEFAULT '0',
  `cate_name` varchar(255) NOT NULL DEFAULT '',
  `code` int(11) unsigned NOT NULL DEFAULT '0',
  `pic_url` varchar(255) NOT NULL DEFAULT '',
  `is_show` tinyint(3) unsigned NOT NULL DEFAULT '0' COMMENT '首页是否显示',
  PRIMARY KEY (`cate_id`)
) ENGINE=InnoDB AUTO_INCREMENT=12 DEFAULT CHARSET=utf8;

insert into `wx_shop_category`(`cate_id`,`pid`,`cate_name`,`code`,`pic_url`,`is_show`) values
('5','0','彩妆','1','/uploads/category/5abb5221b7f56.png','1'),
('6','0','护肤','0','/uploads/category/5abb4fe5415e5.jpg','0'),
('7','5','眼影','3','/uploads/category/5acc966ee3d9a.png','1'),
('8','5','粉底','0','/uploads/category/5acc9682c5f3a.png','0'),
('9','6','香水','0','/uploads/category/5acc97003fd12.png','0'),
('10','6','口红','0','/uploads/category/5acc971636fa4.png','0');
DROP TABLE IF EXISTS  `wx_shop_good_type`;
CREATE TABLE `wx_shop_good_type` (
  `type_id` int(11) NOT NULL AUTO_INCREMENT,
  `type_name` varchar(32) NOT NULL DEFAULT '',
  PRIMARY KEY (`type_id`)
) ENGINE=InnoDB AUTO_INCREMENT=4 DEFAULT CHARSET=utf8;

insert into `wx_shop_good_type`(`type_id`,`type_name`) values
('3','电脑12');
DROP TABLE IF EXISTS  `wx_shop_goods`;
CREATE TABLE `wx_shop_goods` (
  `good_id` int(11) NOT NULL AUTO_INCREMENT,
  `good_name` varchar(255) NOT NULL DEFAULT '',
  `market_price` decimal(11,2) unsigned NOT NULL DEFAULT '0.00' COMMENT '删除的价格，原价',
  `good_price` decimal(11,2) unsigned NOT NULL DEFAULT '0.00',
  `cate_pid` int(11) unsigned NOT NULL DEFAULT '0' COMMENT '分类上级id',
  `cate_gid` int(11) unsigned NOT NULL DEFAULT '0' COMMENT '分类的上上级id',
  `good_desc` text NOT NULL COMMENT '简介',
  `code` int(11) unsigned NOT NULL DEFAULT '0' COMMENT '如果有排序的话  排序字段',
  `number` int(11) unsigned NOT NULL DEFAULT '0' COMMENT '商品的库存',
  `type_id` int(11) unsigned NOT NULL DEFAULT '0' COMMENT '商品的属性id',
  `xiaoliang` int(11) unsigned NOT NULL DEFAULT '0',
  `jifen_bili` decimal(10,2) NOT NULL DEFAULT '0.00' COMMENT '购买这个商品  送商品价格的多少积分',
  `fy_one` varchar(20) NOT NULL DEFAULT '0.00' COMMENT '向上返的第一个佣金',
  `fy_two` varchar(20) NOT NULL DEFAULT '0.00' COMMENT '二级返佣',
  `fy_three` varchar(10) NOT NULL DEFAULT '0.00' COMMENT '三级返佣',
  `is_buy` tinyint(3) NOT NULL DEFAULT '0' COMMENT '是否是199元商品，也就是入门产品',
  `is_miaosha` tinyint(3) NOT NULL DEFAULT '0' COMMENT '是否是秒杀商品',
  `is_new` tinyint(1) NOT NULL DEFAULT '0' COMMENT '是否是首页的推荐产品',
  PRIMARY KEY (`good_id`)
) ENGINE=InnoDB AUTO_INCREMENT=10 DEFAULT CHARSET=utf8;

insert into `wx_shop_goods`(`good_id`,`good_name`,`market_price`,`good_price`,`cate_pid`,`cate_gid`,`good_desc`,`code`,`number`,`type_id`,`xiaoliang`,`jifen_bili`,`fy_one`,`fy_two`,`fy_three`,`is_buy`,`is_miaosha`,`is_new`) values
('4','香水',4999.00,5999.00,'8','5','<p><img src="/images/upload/image/20180328/1522206802575937.jpg" alt="1522206802575937.jpg"/><img src="/images/upload/image/20180328/1522207087969678.jpg" alt="1522207087969678.jpg"/></p>','0','70','3','10',0.00,'0.1,0.4','0.1,0.4','0.1,0.4','0','0','0'),
('5','口红',120.00,150.00,'10','6','<p><img src="/images/upload/image/20180410/1523353555325064.png" alt="img.png" title="1523353555325064.png"/><br/></p><p>手动返萨达发达沙发垫是发</p>','0','40','3','101',0.00,'0.1,0.4','0.1,0.4','0.1,0.4','0','0','1'),
('6','口红',4999.00,5999.00,'7','5','<p>萨达发达沙发垫是发的</p>','0','13','3','124',0.00,'0.1,0.4','0.1,0.4','0.1,0.4','0','1','0'),
('7','口红',2200.00,2600.00,'8','5','<p>dfgdasfgfasdfasd&nbsp;</p>','0','23','3','10',5.00,'0.1,0.4','0.1,0.4','0.1,0.4','0','0','1'),
('8','口红',1000.00,0.01,'7','5','<p><img src="/images/upload/image/20180328/1522207087969678.jpg" alt="1522207087969678.jpg"/></p><p>门口拉开门了开门口里面了开门<img src="/images/upload/image/20180410/1523353555325064.png" alt="1523353555325064.png"/></p>','0','999981','3','30',100.00,'400,200','400,200','400,200','0','0','1'),
('9','口红1号',12.00,0.01,'7','5','','0','108','0','130',23.00,'0.1,0.1','0.1,0.1','0.1,0.1','1','0','0');
DROP TABLE IF EXISTS  `wx_shop_goods_pic`;
CREATE TABLE `wx_shop_goods_pic` (
  `id` int(11) NOT NULL AUTO_INCREMENT,
  `good_id` int(11) unsigned NOT NULL DEFAULT '0',
  `pic_url` varchar(255) NOT NULL DEFAULT '',
  `code` int(11) unsigned NOT NULL DEFAULT '0',
  PRIMARY KEY (`id`)
) ENGINE=InnoDB AUTO_INCREMENT=21 DEFAULT CHARSET=utf8;

insert into `wx_shop_goods_pic`(`id`,`good_id`,`pic_url`,`code`) values
('13','5','/uploads/shop/5ac9c43955af0.png','0'),
('14','7','/uploads/shop/5ac9c433cc463.png','0'),
('15','7','/uploads/shop/5ac9c433cc463.png','0'),
('16','8','/uploads/shop/5ac9c441a34cc.png','0'),
('17','9','/uploads/shop/5ac9c43955af0.png','0'),
('18','4','/uploads/shop/5ac9c4460b071.png','0'),
('19','6','/uploads/shop/5ac9c43955af0.png','0'),
('20','6','/uploads/shop/5ac9c433cc463.png','0');
DROP TABLE IF EXISTS  `wx_shop_order`;
CREATE TABLE `wx_shop_order` (
  `id` int(11) NOT NULL AUTO_INCREMENT,
  `user_id` int(11) NOT NULL DEFAULT '0',
  `order_sn` varchar(20) NOT NULL DEFAULT '0' COMMENT '订单号',
  `total_money` decimal(10,2) NOT NULL DEFAULT '0.00' COMMENT '订单的总金额',
  `address_info` varchar(225) NOT NULL DEFAULT '0',
  `content` text,
  `state` bigint(20) NOT NULL DEFAULT '0' COMMENT '付钱状态',
  `type` int(11) NOT NULL DEFAULT '0' COMMENT '0：未发货 1 待收货 2 已收货',
  `kd_name` varchar(255) NOT NULL DEFAULT '' COMMENT '快递名字',
  `kd_number` varchar(255) NOT NULL DEFAULT '' COMMENT '快递编号',
  `create_time` varchar(20) NOT NULL DEFAULT '',
  `pay_time` varchar(20) NOT NULL DEFAULT '' COMMENT '下单时间',
  `is_true` tinyint(1) DEFAULT '0' COMMENT '当订单没有支付后两个小时内，自动处理订单，商品库存增加，同时is_true为1，下次不再查这个订单',
  `pay_type` tinyint(1) NOT NULL DEFAULT '0' COMMENT '1 支付宝 2 微信',
  `order_type` tinyint(3) NOT NULL DEFAULT '0' COMMENT '订单类型 1 普通商品 2 秒杀商品 3 199订单',
  PRIMARY KEY (`id`)
) ENGINE=InnoDB AUTO_INCREMENT=234 DEFAULT CHARSET=utf8;

insert into `wx_shop_order`(`id`,`user_id`,`order_sn`,`total_money`,`address_info`,`content`,`state`,`type`,`kd_name`,`kd_number`,`create_time`,`pay_time`,`is_true`,`pay_type`,`order_type`) values
('2','1','11522401753',60740.00,'李佳飞,18317774594,世玺中心,河南省郑州市巩义市孝义街道','','1','2','','','1522401753','','0','1','1'),
('3','1','11522401958',60740.00,'李佳飞,18317774594,世玺中心,河南省郑州市巩义市孝义街道','','0','0','','','1522401958','','1','0','1'),
('4','1','11522401970',60740.00,'李佳飞,18317774594,世玺中心,河南省郑州市巩义市孝义街道','快点发货','0','0','','','1522401970','','1','0','1'),
('5','1','11522402081',60.00,'李佳飞,18317774594,世玺中心,河南省郑州市巩义市孝义街道','快点发货','0','0','','','1522402081','','1','0','2'),
('6','1','11522402136',2600.00,'李佳飞,18317774594,世玺中心,河南省郑州市巩义市孝义街道','快点发货','0','0','','','1522402136','','1','0','3'),
('7','1','11522402338',2600.00,'李佳飞,18317774594,世玺中心,河南省郑州市巩义市孝义街道','快点发货','0','0','','','1522402338','','1','0','3'),
('8','1','11522402340',2600.00,'李佳飞,18317774594,世玺中心,河南省郑州市巩义市孝义街道','快点发货','0','0','','','1522402340','','1','0','3'),
('9','1','11522402348',2600.00,'李佳飞,18317774594,世玺中心,河南省郑州市巩义市孝义街道','快点发货','0','0','','','1522402348','','1','0','3'),
('11','1','11523243343',16500.00,'李佳飞,18317774594,世玺中心,河南省郑州市巩义市孝义街道','','0','0','','','1523243343','','1','0','1'),
('34','1','11523259472',0.01,'李佳飞,18317774594,世玺中心,河南省郑州市巩义市孝义街道','','1','0','','','1523259472','1523259554','0','2','1'),
('38','1','11523259792',0.01,'李佳飞,18317774594,世玺中心,河南省郑州市巩义市孝义街道','','1','0','','','1523259792','1523259799','0','2','1'),
('45','1','11523261484',0.01,'李佳飞,18317774594,世玺中心,河南省郑州市巩义市孝义街道','','1','0','','','1523261484','1523261493','0','2','1'),
('48','1','11523262939',0.01,'李佳飞,18317774594,世玺中心,河南省郑州市巩义市孝义街道','','1','0','','','1523262939','1523262949','0','2','1'),
('50','1','11523263324',0.01,'王振,18595906710,实习中心,北京市市辖区东城区东华门街道','','1','1','yuantong','7327791641','1523263324','1523263330','0','2','1'),
('51','1','11523263434',0.01,'王振,18595906710,实习中心,北京市市辖区东城区东华门街道','','1','2','yuantong','123456789123','1523263434','1523263441','0','2','1'),
('54','1','11523275026',0.01,'李佳飞,18317774594,世玺中心,河南省郑州市巩义市孝义街道','','0','0','','','1523275026','','1','0','3'),
('55','1','11523275054',0.01,'李佳飞,18317774594,世玺中心,河南省郑州市巩义市孝义街道','','0','0','','','1523275054','','1','0','3'),
('56','1','11523329391',2600.00,'李佳飞,18317774594,世玺中心,河南省郑州市巩义市孝义街道','','0','0','','','1523329391','','1','0','1'),
('57','1','11523329555',2600.00,'李佳飞,18317774594,世玺中心,河南省郑州市巩义市孝义街道','','0','0','','','1523329555','','1','0','1'),
('58','1','11523330166',0.01,'李佳飞,18317774594,世玺中心,河南省郑州市巩义市孝义街道','','0','0','','','1523330166','','1','0','1'),
('59','1','11523330170',0.01,'李佳飞,18317774594,世玺中心,河南省郑州市巩义市孝义街道','','0','0','','','1523330170','','1','0','1'),
('61','8','81523332562',0.01,'王振,18595906710,在水一方,北京市市辖区东城区东华门街道','','0','0','','','1523332562','','1','0','1'),
('67','8','81523333014',2600.00,'王振,18595906710,在水一方,北京市市辖区东城区东华门街道','','0','0','','','1523333014','','1','0','1'),
('68','8','81523338829',0.01,'李佳飞,18317774594,世玺中心,河南省郑州市管城回族区北下街街道','呵呵','1','0','','','1523338829','1523338855','0','2','1'),
('69','8','81523339040',0.01,'李佳飞,18317774594,世玺中心,河南省郑州市管城回族区北下街街道','呵呵','1','0','','','1523339040','1523339048','0','2','1'),
('70','8','81523339552',0.01,'李佳飞,18317774594,世玺中心,河南省郑州市管城回族区北下街街道','','1','0','','','1523339552','1523339560','0','2','1'),
('71','8','81523339787',0.01,'李佳飞,18317774594,世玺中心,河南省郑州市管城回族区北下街街道','','1','0','','','1523339787','1523339794','0','2','1'),
('72','8','81523340491',0.01,'李佳飞,18317774594,世玺中心,河南省郑州市管城回族区北下街街道','','0','0','','','1523340491','','1','0','1'),
('73','8','81523341024',150.00,'李佳飞,18317774594,世玺中心,河南省郑州市管城回族区北下街街道','','0','0','','','1523341024','','1','0','1'),
('74','8','81523341035',150.00,'李佳飞,18317774594,世玺中心,河南省郑州市管城回族区北下街街道','','0','0','','','1523341035','','1','0','1'),
('76','8','81523341697',0.01,'李佳飞,18317774594,世玺中心,河南省郑州市管城回族区北下街街道','','0','0','','','1523341697','','1','0','1'),
('77','8','81523341778',0.01,'李佳飞,18317774594,世玺中心,河南省郑州市管城回族区北下街街道','','0','0','','','1523341778','','1','0','1'),
('78','8','81523341811',150.00,'李佳飞,18317774594,世玺中心,河南省郑州市管城回族区北下街街道','','0','0','','','1523341811','','1','0','1'),
('79','8','81523341886',0.01,'王振,18595906710,在水一方,北京市市辖区东城区东华门街道','','0','0','','','1523341886','','1','0','1'),
('80','8','81523341956',0.01,'王振,18595906710,在水一方,北京市市辖区东城区东华门街道','','0','0','','','1523341956','','1','0','1'),
('81','8','81523342003',0.01,'王振,18595906710,在水一方,北京市市辖区东城区东华门街道','','0','0','','','1523342003','','1','0','1'),
('82','8','81523342235',0.01,'王振,18595906710,在水一方,北京市市辖区东城区东华门街道','','0','0','','','1523342235','','1','0','1'),
('83','8','81523342294',2600.00,'王振,18595906710,在水一方,北京市市辖区东城区东华门街道','','0','0','','','1523342294','','1','0','1'),
('84','8','81523343515',0.01,'王振,18595906710,在水一方,北京市市辖区东城区东华门街道','','1','0','','','1523343515','1523350350','0','1','1'),
('85','8','81523343721',150.00,'王振,18595906710,在水一方,北京市市辖区东城区东华门街道','','0','0','','','1523343721','','1','0','1'),
('86','8','81523345474',0.01,'王振,18595906710,在水一方,北京市市辖区东城区东华门街道','','1','0','','','1523345474','1523346947','0','1','1'),
('87','8','81523345612',0.01,'王振,18595906710,在水一方,北京市市辖区东城区东华门街道','','1','0','','','1523345612','1523347054','0','1','1'),
('88','8','81523345869',0.01,'王振,18595906710,在水一方,北京市市辖区东城区东华门街道','','1','0','','','1523345869','1523347268','0','1','1'),
('89','8','81523346039',0.01,'王振,18595906710,在水一方,北京市市辖区东城区东华门街道','','1','0','','','1523346039','1523347521','0','1','1'),
('90','8','81523346711',0.01,'王振,18595906710,在水一方,北京市市辖区东城区东华门街道','','1','0','','','1523346711','1523346983','0','1','1'),
('91','8','81523346951',0.01,'王振,18595906710,在水一方,北京市市辖区东城区东华门街道','','1','1','zhongtong','487458525256','1523346951','1523346965','0','1','1'),
('92','8','81523347604',0.01,'王振,18595906710,在水一方,北京市市辖区东城区东华门街道','','1','1','zhongtong','487458525256','1523347604','1523347616','0','1','1'),
('93','8','81523352047',150.00,'李佳飞,18317774594,世玺中心,河南省郑州市管城回族区北下街街道','','0','0','','','1523352047','','1','0','1'),
('97','8','81523358063',0.01,'张三,13903856666,一号楼一单元1606,内蒙古自治区呼和浩特市新城区海拉尔东路街道','','0','0','','','1523358063','','1','0','1'),
('98','12','121523358155',0.01,'冯松林,15516969393,243,北京市市辖区东城区东华门街道','','0','0','','','1523358155','','1','0','1'),
('99','10','101523358172',150.00,'王振,18595906710,1501,北京市市辖区东城区东华门街道','','0','0','','','1523358172','','1','0','1'),
('100','12','121523358175',0.01,'冯松林,15516969393,243,北京市市辖区东城区东华门街道','','1','0','','','1523358175','1523358218','0','1','1'),
('102','1','11523358213',0.01,'王振,18595906710,实习中心,北京市市辖区东城区东华门街道','','1','0','','','1523358213','1523358232','0','1','1'),
('103','10','101523358240',2600.00,'王振,18595906710,1501,北京市市辖区东城区东华门街道','','0','0','','','1523358240','','1','0','1'),
('104','8','81523358288',0.01,'张三,13903856666,一号楼,内蒙古自治区呼和浩特市新城区中山东路街道','','0','0','','','1523358288','','1','0','1'),
('105','8','81523358332',0.01,'张三,13903856666,一号楼,内蒙古自治区呼和浩特市新城区中山东路街道','','0','0','','','1523358332','','1','0','1'),
('106','11','111523358340',0.01,'冯松林,15516969393,213,北京市市辖区东城区东华门街道','','0','0','','','1523358340','','1','0','1'),
('107','1','11523358348',0.01,'王振,18595906710,实习中心,北京市市辖区东城区东华门街道','','0','0','','','1523358348','','1','0','1'),
('108','11','111523358350',0.01,'冯松林,15516969393,213,北京市市辖区东城区东华门街道','','1','0','','','1523358350','1523358368','0','1','1'),
('109','1','11523358387',0.01,'王振,18595906710,实习中心,北京市市辖区东城区东华门街道','','0','0','','','1523358387','','1','0','1'),
('110','12','121523358407',0.01,'冯松林,15516969393,243,北京市市辖区东城区东华门街道','','0','0','','','1523358407','','1','0','1'),
('112','1','11523435958',0.01,'王振,18595906710,实习中心,北京市市辖区东城区东华门街道','','0','0','','','1523435958','','1','0','1'),
('113','1','11523435975',0.01,'王振,18595906710,实习中心,北京市市辖区东城区东华门街道','','0','0','','','1523435975','','1','0','1'),
('114','1','11523436218',7800.00,'王振,18595906710,实习中心,北京市市辖区东城区东华门街道','','0','0','','','1523436218','','1','0','1'),
('115','1','11523436231',0.01,'王振,18595906710,实习中心,北京市市辖区东城区东华门街道','','0','0','','','1523436231','','1','0','1'),
('116','1','11523436323',0.01,'王振,18595906710,实习中心,北京市市辖区东城区东华门街道','','0','0','','','1523436323','','1','0','1'),
('117','1','11523436684',0.01,'王振,18595906710,实习中心,北京市市辖区东城区东华门街道','','0','0','','','1523436684','','1','0','1'),
('118','1','11523436740',0.01,'王振,18595906710,实习中心,北京市市辖区东城区东华门街道','','0','0','','','1523436740','','1','0','1'),
('119','1','11523436831',0.01,'王振,18595906710,实习中心,北京市市辖区东城区东华门街道','','0','0','','','1523436831','','1','0','1'),
('120','1','11523437461',0.01,'王振,18595906710,实习中心,北京市市辖区东城区东华门街道','','0','0','','','1523437461','','1','0','1'),
('121','1','11523437490',0.01,'王振,18595906710,实习中心,北京市市辖区东城区东华门街道','','0','0','','','1523437490','','1','0','1'),
('122','1','11523437587',0.01,'王振,18595906710,实习中心,北京市市辖区东城区东华门街道','','0','0','','','1523437587','','1','0','1'),
('123','1','11523437684',0.01,'王振,18595906710,实习中心,北京市市辖区东城区东华门街道','','0','0','','','1523437684','','1','0','1'),
('124','1','11523437886',0.01,'王振,18595906710,实习中心,北京市市辖区东城区东华门街道','','0','0','','','1523437886','','1','0','1'),
('125','1','11523437917',0.01,'王振,18595906710,实习中心,北京市市辖区东城区东华门街道','','0','0','','','1523437917','','1','0','1'),
('126','1','11523437973',7800.01,'王振,18595906710,实习中心,北京市市辖区东城区东华门街道','','0','0','','','1523437973','','1','0','1'),
('127','1','11523438212',7800.01,'王振,18595906710,实习中心,北京市市辖区东城区东华门街道','','0','0','','','1523438212','','1','0','1'),
('128','1','11523438259',7800.01,'王振,18595906710,实习中心,北京市市辖区东城区东华门街道','','0','0','','','1523438259','','1','0','1'),
('129','1','11523495063',0.01,'王振,18595906710,实习中心,北京市市辖区东城区东华门街道','','0','0','','','1523495063','','1','0','1'),
('132','1','11523502061',0.01,'王振,18595906710,实习中心,北京市市辖区东城区东华门街道','','0','0','','','1523502061','','1','0','1'),
('133','1','11523502077',0.01,'王振,18595906710,实习中心,北京市市辖区东城区东华门街道','','1','0','','','1523502077','1523502085','0','2','1'),
('134','1','11523502230',0.01,'王振,18595906710,实习中心,北京市市辖区东城区东华门街道','','1','0','','','1523502230','1523502237','0','2','1'),
('135','2','21523513028',150.00,'王振,18595906710,郑州,山西省太原市小店区坞城街道','','0','0','','','1523513028','','1','0','1'),
('136','2','21523513060',2600.00,'王振,18595906710,郑州,山西省太原市小店区坞城街道','','0','0','','','1523513060','','1','0','1'),
('137','2','21523513082',2600.00,'王振,18595906710,郑州,山西省太原市小店区坞城街道','','0','0','','','1523513082','','1','0','1'),
('138','1','11523519188',0.01,'王振,18595906710,实习中心,北京市市辖区东城区东华门街道','','0','0','','','1523519188','','1','0','1'),
('139','1','11523519199',0.01,'王振,18595906710,实习中心,北京市市辖区东城区东华门街道','','0','0','','','1523519199','','1','0','1'),
('140','1','11523519204',0.01,'王振,18595906710,实习中心,北京市市辖区东城区东华门街道','','0','0','','','1523519204','','1','0','1'),
('141','1','11523519241',0.01,'王振,18595906710,实习中心,北京市市辖区东城区东华门街道','','0','0','','','1523519241','','1','0','1'),
('142','2','21523519410',150.00,'王振,18595906710,郑州,山西省太原市小店区坞城街道','','0','0','','','1523519410','','1','0','1'),
('144','1','11523521939',0.01,'王振,18595906710,实习中心,北京市市辖区东城区东华门街道','','1','0','','','1523521939','1523521949','0','2','1'),
('145','1','11523522336',0.01,'王振,18595906710,实习中心,北京市市辖区东城区东华门街道','','1','0','','','1523522336','1523522343','0','2','3'),
('146','1','11523522523',0.01,'王振,18595906710,实习中心,北京市市辖区东城区东华门街道','','1','0','','','1523522523','1523522529','0','2','3'),
('147','1','11523522702',40.00,'王振,18595906710,实习中心,北京市市辖区东城区东华门街道','','1','0','','','1523522702','1523522715','0','2','3'),
('148','1','11523522994',12.00,'王振,18595906710,实习中心,北京市市辖区东城区东华门街道','','0','0','','','1523522994','','1','0','3'),
('149','1','11523523067',12.00,'王振,18595906710,实习中心,北京市市辖区东城区东华门街道','','0','0','','','1523523067','','1','0','3'),
('150','1','11523523071',12.00,'王振,18595906710,实习中心,北京市市辖区东城区东华门街道','','0','0','','','1523523071','','1','0','3'),
('151','1','11523523183',0.01,'王振,18595906710,实习中心,北京市市辖区东城区东华门街道','','1','0','','','1523523183','1523523189','0','2','3'),
('152','1','11523523447',0.01,'王振,18595906710,实习中心,北京市市辖区东城区东华门街道','','0','0','','','1523523447','','1','0','3'),
('153','1','11523523453',0.01,'王振,18595906710,实习中心,北京市市辖区东城区东华门街道','','1','0','','','1523523453','1523523460','0','2','3'),
('154','1','11523523640',0.01,'王振,18595906710,实习中心,北京市市辖区东城区东华门街道','','1','0','','','1523523640','1523523646','0','2','3'),
('155','6','61523526241',0.01,'张三,13903854471,一号楼一单元,内蒙古自治区呼和浩特市新城区海拉尔东路街道','','0','0','','','1523526241','','1','0','3'),
('156','6','61523526249',0.01,'张三,13903854471,一号楼一单元,内蒙古自治区呼和浩特市新城区海拉尔东路街道','','0','0','','','1523526249','','1','0','3'),
('158','6','61523526332',60.00,'张三,13903854471,一号楼一单元,内蒙古自治区呼和浩特市新城区海拉尔东路街道','','0','0','','','1523526332','','1','0','2'),
('162','7','71523526396',0.01,'白双,15517173337,6号,河南省郑州市中原区林山寨街道','','1','0','','','1523526396','1523526935','0','2','3'),
('163','9','91523526435',0.01,'冯松林,15166933652,2416,北京市市辖区东城区东华门街道','','0','0','','','1523526435','','1','0','1'),
('166','5','51523526521',0.01,'KKK,15905563256,萝莉控,','','0','0','','','1523526521','','1','0','1'),
('167','4','41523526521',0.03,'郭华涛,13283873042,郑州,河北省唐山市路北区乔屯街道','','0','0','','','1523526521','','1','0','1'),
('168','6','61523526532',0.01,'张三,13903854471,一号楼一单元,内蒙古自治区呼和浩特市新城区海拉尔东路街道','','0','0','','','1523526532','','1','0','1'),
('169','6','61523526547',0.01,'张三,13903854471,一号楼一单元,内蒙古自治区呼和浩特市新城区海拉尔东路街道','','0','0','','','1523526547','','1','0','1'),
('170','9','91523526685',0.01,'冯松林,15166933652,2416,北京市市辖区东城区东华门街道','','1','0','','','1523526685','1523526705','0','1','1'),
('171','6','61523526821',0.01,'张三,13903854471,一号楼一单元,内蒙古自治区呼和浩特市新城区海拉尔东路街道','','0','0','','','1523526821','','1','0','1'),
('172','6','61523526832',0.01,'张三,13903854471,一号楼一单元,内蒙古自治区呼和浩特市新城区海拉尔东路街道','','0','0','','','1523526832','','1','0','1'),
('173','6','61523526844',0.01,'张三,13903854471,一号楼一单元,内蒙古自治区呼和浩特市新城区海拉尔东路街道','','0','0','','','1523526844','','1','0','1'),
('174','6','61523526905',0.01,'张三,13903854471,一号楼一单元,内蒙古自治区呼和浩特市新城区海拉尔东路街道','','0','0','','','1523526905','','1','0','1'),
('175','6','61523526911',0.01,'张三,13903854471,一号楼一单元,内蒙古自治区呼和浩特市新城区海拉尔东路街道','','0','0','','','1523526911','','1','0','1'),
('176','6','61523526917',0.01,'张三,13903854471,一号楼一单元,内蒙古自治区呼和浩特市新城区海拉尔东路街道','','0','0','','','1523526917','','1','0','1'),
('177','6','61523526934',0.01,'张三,13903854471,一号楼一单元,内蒙古自治区呼和浩特市新城区海拉尔东路街道','','0','0','','','1523526934','','1','0','1'),
('178','6','61523526972',60.00,'张三,13903854471,一号楼一单元,内蒙古自治区呼和浩特市新城区海拉尔东路街道','','0','0','','','1523526972','','1','0','2'),
('179','6','61523527054',60.00,'张三,13903854471,一号楼一单元,内蒙古自治区呼和浩特市新城区海拉尔东路街道','','0','0','','','1523527054','','1','0','2'),
('180','6','61523527123',0.01,'张三,13903854471,一号楼一单元,内蒙古自治区呼和浩特市新城区海拉尔东路街道','','0','0','','','1523527123','','1','0','1'),
('181','11','111523527688',150.00,'冯松林,15516969393,213,北京市市辖区东城区东华门街道','','0','0','','','1523527688','','1','0','1'),
('182','11','111523527765',0.01,'冯松林,15516969393,213,北京市市辖区东城区东华门街道','','0','0','','','1523527765','','1','0','1'),
('183','11','111523527774',0.01,'冯松林,15516969393,213,北京市市辖区东城区东华门街道','','0','0','','','1523527774','','1','0','1'),
('184','11','111523527793',0.01,'冯松林,15516969393,213,北京市市辖区东城区东华门街道','','0','0','','','1523527793','','1','0','1'),
('185','11','111523527881',150.00,'冯松林,15516969393,213,北京市市辖区东城区东华门街道','','0','0','','','1523527881','','1','0','1'),
('186','11','111523527891',150.00,'冯松林,15516969393,213,北京市市辖区东城区东华门街道','','0','0','','','1523527891','','1','0','1'),
('187','11','111523527906',150.00,'冯松林,15516969393,213,北京市市辖区东城区东华门街道','','0','0','','','1523527906','','1','0','1'),
('188','11','111523527915',150.00,'冯松林,15516969393,213,北京市市辖区东城区东华门街道','','0','0','','','1523527915','','1','0','1'),
('189','5','51523528073',150.00,'KKK,15905563256,萝莉控,','','0','0','','','1523528073','','1','0','1'),
('190','2','21523528093',150.00,'王振,18595906710,实习中心,北京市市辖区东城区东华门街道','','0','0','','','1523528093','','1','0','1'),
('191','6','61523528331',60.00,'张三,13903854471,一号楼一单元,内蒙古自治区呼和浩特市新城区海拉尔东路街道','','0','0','','','1523528331','','1','0','2'),
('192','6','61523528415',7800.00,'张三,13903856666,一号楼三单元,内蒙古自治区呼和浩特市新城区海拉尔东路街道','','0','0','','','1523528415','','1','0','1'),
('193','6','61523528635',0.01,'张三,13903856666,一号楼三单元,内蒙古自治区呼和浩特市新城区海拉尔东路街道','','0','0','','','1523528635','','1','0','3'),
('194','2','21523528646',0.01,'王振,18595906710,实习中心,北京市市辖区东城区东华门街道','','1','0','','','1523528646','1523528651','0','2','1'),
('195','2','21523529365',0.01,'王振,18595906710,实习中心,北京市市辖区东城区东华门街道','','0','0','','','1523529365','','1','0','1'),
('196','2','21523529404',0.01,'王振,18595906710,实习中心,北京市市辖区东城区东华门街道','','1','0','','','1523529404','1523529416','0','2','1'),
('197','6','61523529413',0.01,'张三,13903856666,一号楼三单元,内蒙古自治区呼和浩特市新城区海拉尔东路街道','','0','0','','','1523529413','','1','0','1'),
('198','6','61523529433',0.01,'张三,13903856666,一号楼三单元,内蒙古自治区呼和浩特市新城区海拉尔东路街道','','0','0','','','1523529433','','1','0','1'),
('199','6','61523529546',0.01,'张三,13903856666,一号楼三单元,内蒙古自治区呼和浩特市新城区海拉尔东路街道','','0','0','','','1523529546','','1','0','1'),
('200','6','61523529599',0.01,'张三,13903856666,一号楼三单元,内蒙古自治区呼和浩特市新城区海拉尔东路街道','','0','0','','','1523529599','','1','0','1'),
('201','6','61523530557',0.01,'张三,13903854471,一号楼一单元,内蒙古自治区呼和浩特市新城区海拉尔东路街道','','1','0','','','1523530557','1523530568','0','2','1'),
('202','2','21523530685',7800.00,'王振,18595906710,实习中心,北京市市辖区东城区东华门街道','','0','0','','','1523530685','','1','0','1'),
('203','2','21523531979',0.01,'王振,18595906710,实习中心,北京市市辖区东城区东华门街道','','0','0','','','1523531979','','1','0','1'),
('204','5','51523547157',150.00,'KKK,15905563256,萝莉控,','','0','0','','','1523547157','','1','0','1'),
('207','1','11523580826',60.00,'李佳飞,18317774594,世玺中心,','','0','0','','','1523580826','','1','0','2'),
('208','1','11523581028',60.00,'李佳飞,18317774594,世玺中心,','','0','0','','','1523581028','','1','0','2'),
('209','5','51523582327',0.01,'KKK,15905563256,萝莉控,','','0','0','','','1523582327','','1','0','1'),
('210','5','51523583527',0.01,'KKK,15905563256,萝莉控,','','0','0','','','1523583527','','1','0','1'),
('211','1','11523601792',0.01,'李佳飞,18317774594,世玺中心,','','0','0','','','1523601792','','1','0','1'),
('212','1','11523603278',0.01,'李佳飞,18317774594,世玺中心,','','0','0','','','1523603278','','1','0','1'),
('213','2','21523603314',2600.00,'王振,18595906710,实习中心,北京市市辖区东城区东华门街道','','0','0','','','1523603314','','1','0','1'),
('215','1','11523603364',0.01,'李佳飞,18317774594,世玺中心,','','1','0','','','1523603364','1523603462','0','1','1'),
('216','1','11523603416',0.01,'李佳飞,18317774594,世玺中心,','','0','0','','','1523603416','','1','0','1'),
('217','1','11523604485',0.01,'李佳飞,18317774594,世玺中心,','','0','0','','','1523604485','','1','0','3'),
('218','1','11523614440',0.01,'李佳飞,18317774594,世玺中心,','','0','0','','','1523614440','','1','0','3'),
('219','5','51523668460',0.01,'KKK,15905563256,萝莉控,','','0','0','','','1523668460','','1','0','1'),
('220','5','51523668616',0.01,'KKK,15905563256,萝莉控,','','0','0','','','1523668616','','1','0','1'),
('221','9','91523669552',0.01,'冯松林,15166933652,2416,北京市市辖区东城区东华门街道','','1','0','','','1523669552','1523669558','0','2','1'),
('222','9','91523669621',0.01,'冯松林,15166933652,2416,北京市市辖区东城区东华门街道','','1','0','','','1523669621','1523669627','0','2','3'),
('223','1','11523669782',0.01,'李佳飞,18317774594,世玺中心,','','1','0','','','1523669782','1523669789','0','2','3'),
('224','9','91523669876',0.01,'冯松林,15166933652,2416,北京市市辖区东城区东华门街道','','1','0','','','1523669876','1523669881','0','2','3'),
('225','2','21523670593',0.01,'王振,18595906710,实习中心,北京市市辖区东城区东华门街道','','1','0','','','1523670593','1523670603','0','2','3'),
('226','5','51523674702',0.01,'KKK,15905563256,萝莉控,','','0','0','','','1523674702','','1','0','1'),
('227','5','51523674709',0.01,'KKK,15905563256,萝莉控,','','0','0','','','1523674709','','1','0','1'),
('228','5','51523674713',0.01,'KKK,15905563256,萝莉控,','','0','0','','','1523674713','','1','0','1'),
('229','12','121523689250',0.01,'冯松林,15516969393,243,北京市市辖区东城区东华门街道','','0','0','','','1523689250','','0','0','3'),
('230','12','121523689265',0.01,'冯松林,15516969393,243,北京市市辖区东城区东华门街道','','0','0','','','1523689265','','0','0','3'),
('231','1','11523689309',0.01,'李佳飞,18317774594,世玺中心,','','0','0','','','1523689309','','0','0','3'),
('232','3','31523689432',0.01,'王振,18595906710,112,北京市市辖区东城区东华门街道','','0','0','','','1523689432','','0','0','3'),
('233','3','31523689458',0.01,'王振,18595906710,112,北京市市辖区东城区东华门街道','','1','0','','','1523689458','1523689467','0','2','3');
DROP TABLE IF EXISTS  `wx_shop_order_detail`;
CREATE TABLE `wx_shop_order_detail` (
  `id` int(11) NOT NULL AUTO_INCREMENT,
  `user_id` int(11) NOT NULL DEFAULT '0',
  `order_id` int(11) NOT NULL DEFAULT '0',
  `good_id` int(11) unsigned NOT NULL DEFAULT '0',
  `good_name` varchar(50) NOT NULL DEFAULT '',
  `good_danjia` decimal(10,2) unsigned NOT NULL DEFAULT '0.00' COMMENT '一件商品的价格',
  `good_price` decimal(10,2) unsigned NOT NULL DEFAULT '0.00',
  `good_num` int(11) unsigned NOT NULL DEFAULT '0',
  `pic_url` varchar(255) NOT NULL DEFAULT '',
  `create_time` int(11) unsigned NOT NULL DEFAULT '0',
  `state` int(11) NOT NULL DEFAULT '0' COMMENT '是否支付成功',
  `type` varchar(255) NOT NULL DEFAULT '' COMMENT '当前的商品是什么属性的',
  `order_type` tinyint(1) NOT NULL DEFAULT '0' COMMENT '1 普通订单 2 秒杀订单 3 199订单',
  PRIMARY KEY (`id`)
) ENGINE=InnoDB AUTO_INCREMENT=242 DEFAULT CHARSET=utf8 ROW_FORMAT=COMPACT COMMENT='订单详情表';

insert into `wx_shop_order_detail`(`id`,`user_id`,`order_id`,`good_id`,`good_name`,`good_danjia`,`good_price`,`good_num`,`pic_url`,`create_time`,`state`,`type`,`order_type`) values
('3','1','2','4','苹果pro',5999.00,59990.00,'10','/uploads/shop/5abb47614fd98.jpg','1522401753','0','红色,4G','0'),
('4','1','2','5','卫衣121',150.00,750.00,'5','/uploads/shop/5abc5b2507ac9.jpg','1522401753','0','绿色,5G','0'),
('5','1','3','4','苹果pro',5999.00,59990.00,'10','/uploads/shop/5abb47614fd98.jpg','1522401958','0','红色,4G','0'),
('6','1','3','5','卫衣121',150.00,750.00,'5','/uploads/shop/5abc5b2507ac9.jpg','1522401958','0','绿色,5G','0'),
('7','1','4','4','苹果pro',5999.00,59990.00,'10','/uploads/shop/5abb47614fd98.jpg','1522401970','0','红色,4G','0'),
('8','1','4','5','卫衣121',150.00,750.00,'5','/uploads/shop/5abc5b2507ac9.jpg','1522401970','0','绿色,5G','0'),
('9','1','5','6','小米电脑',60.00,60.00,'1','/uploads/shop/5abc5b2507ac9.jpg','1522402081','0','红色,4G','0'),
('10','1','6','7','小米手机',2600.00,2600.00,'1','/uploads/shop/5abb47614fd98.jpg','1522402136','0','红色,4G','0'),
('11','1','7','7','小米手机',2600.00,2600.00,'1','/uploads/shop/5abb47614fd98.jpg','1522402338','0','红色,4G','3'),
('12','1','8','7','小米手机',2600.00,2600.00,'1','/uploads/shop/5abb47614fd98.jpg','1522402340','0','红色,4G','3'),
('13','1','9','7','小米手机',2600.00,2600.00,'1','/uploads/shop/5abb47614fd98.jpg','1522402348','0','红色,4G','3'),
('15','1','11','7','推荐商品一',2600.00,15600.00,'6','/uploads/shop/5ac9c433cc463.png','1523243343','0','红,4g','1'),
('16','1','11','5','卫衣121李',150.00,900.00,'6','/uploads/shop/5ac9c43955af0.png','1523243343','0','[{"name":"颜色","value":"红"},{"name":"内存","value":"2G"}]','1'),
('39','1','34','8','口红',0.01,0.01,'1','/uploads/shop/5ac9c441a34cc.png','1523259472','0','[{"name":"颜色","value":"蓝"},{"name":"内存","value":"4G"},{"name":"硬盘","value":"2G"}]','1'),
('43','1','38','8','口红',0.01,0.01,'1','/uploads/shop/5ac9c441a34cc.png','1523259792','0','[{"name":"颜色","value":"蓝"},{"name":"内存","value":"4G"},{"name":"硬盘","value":"2G"}]','1'),
('50','1','45','8','口红',0.01,0.01,'1','/uploads/shop/5ac9c441a34cc.png','1523261484','1','[{"name":"颜色","value":"蓝"},{"name":"内存","value":"4G"},{"name":"硬盘","value":"2G"}]','1'),
('53','1','48','8','口红',0.01,0.01,'1','/uploads/shop/5ac9c441a34cc.png','1523262939','1','[{"name":"颜色","value":"红"},{"name":"内存","value":"2G"},{"name":"硬盘","value":"1G"}]','1'),
('55','1','50','8','口红',0.01,0.01,'1','/uploads/shop/5ac9c441a34cc.png','1523263324','1','[{"name":"颜色","value":"红"},{"name":"内存","value":"2G"},{"name":"硬盘","value":"1G"}]','1'),
('56','1','51','8','口红',0.01,0.01,'1','/uploads/shop/5ac9c441a34cc.png','1523263434','1','[{"name":"颜色","value":"红"},{"name":"内存","value":"2G"},{"name":"硬盘","value":"1G"}]','1'),
('59','1','54','8','口红',0.01,0.01,'1','/uploads/shop/5ac9c441a34cc.png','1523275026','0','[]','3'),
('60','1','55','8','口红',0.01,0.01,'1','/uploads/shop/5ac9c441a34cc.png','1523275054','0','[]','3'),
('61','1','56','7','推荐商品一',2600.00,2600.00,'1','/uploads/shop/5ac9c433cc463.png','1523329391','0','[{"name":"颜色","value":"红"},{"name":"内存","value":"2G"},{"name":"硬盘","value":"1G"}]','1'),
('62','1','57','7','推荐商品一',2600.00,2600.00,'1','/uploads/shop/5ac9c433cc463.png','1523329555','0','[{"name":"颜色","value":"红"},{"name":"内存","value":"2G"},{"name":"硬盘","value":"1G"}]','1'),
('63','1','58','8','口红',0.01,0.01,'1','/uploads/shop/5ac9c441a34cc.png','1523330166','0','[{"name":"颜色","value":"红"},{"name":"内存","value":"2G"},{"name":"硬盘","value":"1G"}]','1'),
('64','1','59','8','口红',0.01,0.01,'1','/uploads/shop/5ac9c441a34cc.png','1523330170','0','[{"name":"颜色","value":"红"},{"name":"内存","value":"2G"},{"name":"硬盘","value":"1G"}]','1'),
('66','8','61','8','口红',0.01,0.01,'1','/uploads/shop/5ac9c441a34cc.png','1523332562','0','[{"name":"颜色","value":"红"},{"name":"内存","value":"2G"},{"name":"硬盘","value":"1G"}]','1'),
('72','8','67','7','推荐商品一',2600.00,2600.00,'1','/uploads/shop/5ac9c433cc463.png','1523333014','0','[{"name":"颜色","value":"红"},{"name":"内存","value":"2G"},{"name":"硬盘","value":"1G"}]','1'),
('73','8','68','8','口红',0.01,0.01,'1','/uploads/shop/5ac9c441a34cc.png','1523338829','1','[{"name":"颜色","value":"红"},{"name":"内存","value":"2G"},{"name":"硬盘","value":"1G"}]','1'),
('74','8','69','8','口红',0.01,0.01,'1','/uploads/shop/5ac9c441a34cc.png','1523339040','1','[{"name":"颜色","value":"红"},{"name":"内存","value":"2G"},{"name":"硬盘","value":"1G"}]','1'),
('75','8','70','8','口红',0.01,0.01,'1','/uploads/shop/5ac9c441a34cc.png','1523339552','1','[{"name":"颜色","value":"红"},{"name":"内存","value":"2G"},{"name":"硬盘","value":"1G"}]','1'),
('76','8','71','8','口红',0.01,0.01,'1','/uploads/shop/5ac9c441a34cc.png','1523339787','1','[{"name":"颜色","value":"红"},{"name":"内存","value":"2G"},{"name":"硬盘","value":"1G"}]','1'),
('77','8','72','8','口红',0.01,0.01,'1','/uploads/shop/5ac9c441a34cc.png','1523340491','0','[{"name":"颜色","value":"红"},{"name":"内存","value":"2G"},{"name":"硬盘","value":"1G"}]','1'),
('78','8','73','5','卫衣121李',150.00,150.00,'1','/uploads/shop/5ac9c43955af0.png','1523341024','0','[{"name":"颜色","value":"蓝"},{"name":"内存","value":"2G"},{"name":"硬盘","value":"1G"}]','1'),
('79','8','74','5','卫衣121李',150.00,150.00,'1','/uploads/shop/5ac9c43955af0.png','1523341035','0','[{"name":"颜色","value":"红"},{"name":"内存","value":"2G"},{"name":"硬盘","value":"1G"}]','1'),
('81','8','76','8','口红',0.01,0.01,'1','/uploads/shop/5ac9c441a34cc.png','1523341697','0','[{"name":"颜色","value":"红"},{"name":"内存","value":"2G"},{"name":"硬盘","value":"1G"}]','1'),
('82','8','77','8','口红',0.01,0.01,'1','/uploads/shop/5ac9c441a34cc.png','1523341778','0','[{"name":"颜色","value":"红"},{"name":"内存","value":"2G"},{"name":"硬盘","value":"1G"}]','1'),
('83','8','78','5','卫衣121李',150.00,150.00,'1','/uploads/shop/5ac9c43955af0.png','1523341811','0','[{"name":"颜色","value":"红"},{"name":"内存","value":"2G"},{"name":"硬盘","value":"1G"}]','1'),
('84','8','79','8','口红',0.01,0.01,'1','/uploads/shop/5ac9c441a34cc.png','1523341886','0','[{"name":"颜色","value":"红"},{"name":"内存","value":"2G"},{"name":"硬盘","value":"1G"}]','1'),
('85','8','80','8','口红',0.01,0.01,'1','/uploads/shop/5ac9c441a34cc.png','1523341956','0','[{"name":"颜色","value":"红"},{"name":"内存","value":"2G"},{"name":"硬盘","value":"1G"}]','1'),
('86','8','81','8','口红',0.01,0.01,'1','/uploads/shop/5ac9c441a34cc.png','1523342003','0','[{"name":"颜色","value":"红"},{"name":"内存","value":"2G"},{"name":"硬盘","value":"1G"}]','1'),
('87','8','82','8','口红',0.01,0.01,'1','/uploads/shop/5ac9c441a34cc.png','1523342235','0','[{"name":"颜色","value":"红"},{"name":"内存","value":"2G"},{"name":"硬盘","value":"1G"}]','1'),
('88','8','83','7','推荐商品一',2600.00,2600.00,'1','/uploads/shop/5ac9c433cc463.png','1523342294','0','[{"name":"颜色","value":"红"},{"name":"内存","value":"2G"},{"name":"硬盘","value":"1G"}]','1'),
('89','8','84','8','口红',0.01,0.01,'1','/uploads/shop/5ac9c441a34cc.png','1523343515','1','[{"name":"颜色","value":"红"},{"name":"内存","value":"2G"},{"name":"硬盘","value":"1G"}]','1'),
('90','8','85','5','卫衣121李',150.00,150.00,'1','/uploads/shop/5ac9c43955af0.png','1523343721','0','[{"name":"颜色","value":"红"},{"name":"内存","value":"2G"},{"name":"硬盘","value":"1G"}]','1'),
('91','8','86','8','口红',0.01,0.01,'1','/uploads/shop/5ac9c441a34cc.png','1523345474','1','[{"name":"颜色","value":"红"},{"name":"内存","value":"2G"},{"name":"硬盘","value":"1G"}]','1'),
('92','8','87','8','口红',0.01,0.01,'1','/uploads/shop/5ac9c441a34cc.png','1523345612','1','[{"name":"颜色","value":"红"},{"name":"内存","value":"2G"},{"name":"硬盘","value":"1G"}]','1'),
('93','8','88','8','口红',0.01,0.01,'1','/uploads/shop/5ac9c441a34cc.png','1523345869','1','[{"name":"颜色","value":"红"},{"name":"内存","value":"2G"},{"name":"硬盘","value":"1G"}]','1'),
('94','8','89','8','口红',0.01,0.01,'1','/uploads/shop/5ac9c441a34cc.png','1523346039','1','[{"name":"颜色","value":"红"},{"name":"内存","value":"2G"},{"name":"硬盘","value":"1G"}]','1'),
('95','8','90','8','口红',0.01,0.01,'1','/uploads/shop/5ac9c441a34cc.png','1523346711','1','[{"name":"颜色","value":"红"},{"name":"内存","value":"2G"},{"name":"硬盘","value":"1G"}]','1'),
('96','8','91','8','口红',0.01,0.01,'1','/uploads/shop/5ac9c441a34cc.png','1523346951','1','[{"name":"颜色","value":"红"},{"name":"内存","value":"2G"},{"name":"硬盘","value":"1G"}]','1'),
('97','8','92','8','口红',0.01,0.01,'1','/uploads/shop/5ac9c441a34cc.png','1523347604','1','[{"name":"颜色","value":"红"},{"name":"内存","value":"2G"},{"name":"硬盘","value":"1G"}]','1'),
('98','8','93','5','卫衣121李',150.00,150.00,'1','/uploads/shop/5ac9c43955af0.png','1523352047','0','[{"name":"颜色","value":"红"},{"name":"内存","value":"2G"},{"name":"硬盘","value":"1G"}]','1'),
('102','8','97','8','口红',0.01,0.01,'1','/uploads/shop/5ac9c441a34cc.png','1523358063','0','[{"name":"颜色","value":"绿"},{"name":"内存","value":"5G"},{"name":"硬盘","value":"2G"}]','1'),
('103','12','98','8','口红',0.01,0.01,'1','/uploads/shop/5ac9c441a34cc.png','1523358155','0','[{"name":"颜色","value":"红"},{"name":"内存","value":"2G"},{"name":"硬盘","value":"1G"}]','1'),
('104','10','99','5','卫衣121李',150.00,150.00,'1','/uploads/shop/5ac9c43955af0.png','1523358172','0','[{"name":"颜色","value":"红"},{"name":"内存","value":"2G"},{"name":"硬盘","value":"1G"}]','1'),
('105','12','100','8','口红',0.01,0.01,'1','/uploads/shop/5ac9c441a34cc.png','1523358175','1','[{"name":"颜色","value":"红"},{"name":"内存","value":"2G"},{"name":"硬盘","value":"1G"}]','1'),
('107','1','102','8','口红',0.01,0.01,'1','/uploads/shop/5ac9c441a34cc.png','1523358213','1','[{"name":"颜色","value":"红"},{"name":"内存","value":"2G"},{"name":"硬盘","value":"1G"}]','1'),
('108','10','103','7','推荐商品一',2600.00,2600.00,'1','/uploads/shop/5ac9c433cc463.png','1523358240','0','[{"name":"颜色","value":"红"},{"name":"内存","value":"2G"},{"name":"硬盘","value":"1G"}]','1'),
('109','8','104','8','口红',0.01,0.01,'1','/uploads/shop/5ac9c441a34cc.png','1523358288','0','[{"name":"颜色","value":"红"},{"name":"内存","value":"2G"},{"name":"硬盘","value":"1G"}]','1'),
('110','8','105','8','口红',0.01,0.01,'1','/uploads/shop/5ac9c441a34cc.png','1523358332','0','[{"name":"颜色","value":"红"},{"name":"内存","value":"2G"},{"name":"硬盘","value":"1G"}]','1'),
('111','11','106','8','口红',0.01,0.01,'1','/uploads/shop/5ac9c441a34cc.png','1523358340','0','[{"name":"颜色","value":"红"},{"name":"内存","value":"2G"},{"name":"硬盘","value":"1G"}]','1'),
('112','1','107','8','口红',0.01,0.01,'1','/uploads/shop/5ac9c441a34cc.png','1523358348','0','[{"name":"颜色","value":"红"},{"name":"内存","value":"2G"},{"name":"硬盘","value":"1G"}]','1'),
('113','11','108','8','口红',0.01,0.01,'1','/uploads/shop/5ac9c441a34cc.png','1523358350','1','[{"name":"颜色","value":"红"},{"name":"内存","value":"2G"},{"name":"硬盘","value":"1G"}]','1'),
('114','1','109','8','口红',0.01,0.01,'1','/uploads/shop/5ac9c441a34cc.png','1523358387','0','[{"name":"颜色","value":"红"},{"name":"内存","value":"2G"},{"name":"硬盘","value":"1G"}]','1'),
('115','12','110','8','口红',0.01,0.01,'1','/uploads/shop/5ac9c441a34cc.png','1523358407','0','[{"name":"颜色","value":"红"},{"name":"内存","value":"2G"},{"name":"硬盘","value":"1G"}]','1'),
('117','1','112','8','口红',0.01,0.01,'1','/uploads/shop/5ac9c441a34cc.png','1523435958','0','[{"name":"颜色","value":"蓝"},{"name":"内存","value":"4G"},{"name":"硬盘","value":"2G"}]','1'),
('118','1','113','8','口红',0.01,0.01,'1','/uploads/shop/5ac9c441a34cc.png','1523435975','0','[{"name":"颜色","value":"蓝"},{"name":"内存","value":"4G"},{"name":"硬盘","value":"2G"}]','1'),
('119','1','114','7','口红',2600.00,7800.00,'3','/uploads/shop/5ac9c433cc463.png','1523436218','0','[{"name":"颜色","value":"红"},{"name":"内存","value":"2G"},{"name":"硬盘","value":"1G"}]','1'),
('120','1','115','8','口红',0.01,0.01,'1','/uploads/shop/5ac9c441a34cc.png','1523436231','0','[{"name":"颜色","value":"蓝"},{"name":"内存","value":"4G"},{"name":"硬盘","value":"2G"}]','1'),
('121','1','116','8','口红',0.01,0.01,'1','/uploads/shop/5ac9c441a34cc.png','1523436323','0','[{"name":"颜色","value":"蓝"},{"name":"内存","value":"4G"},{"name":"硬盘","value":"2G"}]','1'),
('122','1','117','8','口红',0.01,0.01,'1','/uploads/shop/5ac9c441a34cc.png','1523436684','0','[{"name":"颜色","value":"蓝"},{"name":"内存","value":"4G"},{"name":"硬盘","value":"2G"}]','1'),
('123','1','118','8','口红',0.01,0.01,'1','/uploads/shop/5ac9c441a34cc.png','1523436740','0','[{"name":"颜色","value":"蓝"},{"name":"内存","value":"4G"},{"name":"硬盘","value":"2G"}]','1'),
('124','1','119','8','口红',0.01,0.01,'1','/uploads/shop/5ac9c441a34cc.png','1523436831','0','[{"name":"颜色","value":"蓝"},{"name":"内存","value":"4G"},{"name":"硬盘","value":"2G"}]','1'),
('125','1','120','8','口红',0.01,0.01,'1','/uploads/shop/5ac9c441a34cc.png','1523437461','0','[{"name":"颜色","value":"蓝"},{"name":"内存","value":"4G"},{"name":"硬盘","value":"2G"}]','1'),
('126','1','121','8','口红',0.01,0.01,'1','/uploads/shop/5ac9c441a34cc.png','1523437490','0','[{"name":"颜色","value":"蓝"},{"name":"内存","value":"4G"},{"name":"硬盘","value":"2G"}]','1'),
('127','1','122','8','口红',0.01,0.01,'1','/uploads/shop/5ac9c441a34cc.png','1523437587','0','[{"name":"颜色","value":"蓝"},{"name":"内存","value":"4G"},{"name":"硬盘","value":"2G"}]','1'),
('128','1','123','8','口红',0.01,0.01,'1','/uploads/shop/5ac9c441a34cc.png','1523437684','0','[{"name":"颜色","value":"蓝"},{"name":"内存","value":"4G"},{"name":"硬盘","value":"2G"}]','1'),
('129','1','124','8','口红',0.01,0.01,'1','/uploads/shop/5ac9c441a34cc.png','1523437886','0','[{"name":"颜色","value":"蓝"},{"name":"内存","value":"4G"},{"name":"硬盘","value":"2G"}]','1'),
('130','1','125','8','口红',0.01,0.01,'1','/uploads/shop/5ac9c441a34cc.png','1523437917','0','[{"name":"颜色","value":"蓝"},{"name":"内存","value":"4G"},{"name":"硬盘","value":"2G"}]','1'),
('131','1','126','7','口红',2600.00,7800.00,'3','/uploads/shop/5ac9c433cc463.png','1523437973','0','[{"name":"颜色","value":"红"},{"name":"内存","value":"2G"},{"name":"硬盘","value":"1G"}]','1'),
('132','1','126','8','口红',0.01,0.01,'1','/uploads/shop/5ac9c441a34cc.png','1523437973','0','[{"name":"颜色","value":"蓝"},{"name":"内存","value":"4G"},{"name":"硬盘","value":"2G"}]','1'),
('133','1','127','7','口红',2600.00,7800.00,'3','/uploads/shop/5ac9c433cc463.png','1523438212','0','[{"name":"颜色","value":"红"},{"name":"内存","value":"2G"},{"name":"硬盘","value":"1G"}]','1'),
('134','1','127','8','口红',0.01,0.01,'1','/uploads/shop/5ac9c441a34cc.png','1523438212','0','[{"name":"颜色","value":"蓝"},{"name":"内存","value":"4G"},{"name":"硬盘","value":"2G"}]','1'),
('135','1','128','7','口红',2600.00,7800.00,'3','/uploads/shop/5ac9c433cc463.png','1523438259','0','[{"name":"颜色","value":"红"},{"name":"内存","value":"2G"},{"name":"硬盘","value":"1G"}]','1'),
('136','1','128','8','口红',0.01,0.01,'1','/uploads/shop/5ac9c441a34cc.png','1523438259','0','[{"name":"颜色","value":"蓝"},{"name":"内存","value":"4G"},{"name":"硬盘","value":"2G"}]','1'),
('137','1','129','8','口红',0.01,0.01,'1','/uploads/shop/5ac9c441a34cc.png','1523495063','0','[{"name":"颜色","value":"蓝"},{"name":"内存","value":"4G"},{"name":"硬盘","value":"2G"}]','1'),
('140','1','132','8','口红',0.01,0.01,'1','/uploads/shop/5ac9c441a34cc.png','1523502061','0','[{"name":"颜色","value":"蓝"},{"name":"内存","value":"4G"},{"name":"硬盘","value":"2G"}]','1'),
('141','1','133','8','口红',0.01,0.01,'1','/uploads/shop/5ac9c441a34cc.png','1523502077','1','[{"name":"颜色","value":"红"},{"name":"内存","value":"2G"},{"name":"硬盘","value":"1G"}]','1'),
('142','1','134','8','口红',0.01,0.01,'1','/uploads/shop/5ac9c441a34cc.png','1523502230','1','[{"name":"颜色","value":"红"},{"name":"内存","value":"2G"},{"name":"硬盘","value":"1G"}]','1'),
('143','2','135','5','口红',150.00,150.00,'1','/uploads/shop/5ac9c43955af0.png','1523513028','0','[{"name":"颜色","value":"红"},{"name":"内存","value":"2G"},{"name":"硬盘","value":"1G"}]','1'),
('144','2','136','7','口红',2600.00,2600.00,'1','/uploads/shop/5ac9c433cc463.png','1523513060','0','[{"name":"颜色","value":"红"},{"name":"内存","value":"2G"},{"name":"硬盘","value":"1G"}]','1'),
('145','2','137','7','口红',2600.00,2600.00,'1','/uploads/shop/5ac9c433cc463.png','1523513082','0','[{"name":"颜色","value":"红"},{"name":"内存","value":"2G"},{"name":"硬盘","value":"1G"}]','1'),
('146','1','138','8','口红',0.01,0.01,'1','/uploads/shop/5ac9c441a34cc.png','1523519188','0','[{"name":"颜色","value":"红"},{"name":"内存","value":"2G"},{"name":"硬盘","value":"1G"}]','1'),
('147','1','139','8','口红',0.01,0.01,'1','/uploads/shop/5ac9c441a34cc.png','1523519199','0','[{"name":"颜色","value":"红"},{"name":"内存","value":"2G"},{"name":"硬盘","value":"1G"}]','1'),
('148','1','140','8','口红',0.01,0.01,'1','/uploads/shop/5ac9c441a34cc.png','1523519204','0','[{"name":"颜色","value":"蓝"},{"name":"内存","value":"4G"},{"name":"硬盘","value":"2G"}]','1'),
('149','1','141','8','口红',0.01,0.01,'1','/uploads/shop/5ac9c441a34cc.png','1523519241','0','[{"name":"颜色","value":"红"},{"name":"内存","value":"2G"},{"name":"硬盘","value":"1G"}]','1'),
('150','2','142','5','口红',150.00,150.00,'1','/uploads/shop/5ac9c43955af0.png','1523519410','0','[{"name":"颜色","value":"红"},{"name":"内存","value":"2G"},{"name":"硬盘","value":"1G"}]','1'),
('152','1','144','8','口红',0.01,0.01,'1','/uploads/shop/5ac9c441a34cc.png','1523521939','1','[{"name":"颜色","value":"红"},{"name":"内存","value":"2G"},{"name":"硬盘","value":"1G"}]','1'),
('153','1','145','8','口红',0.01,0.01,'1','/uploads/shop/5ac9c441a34cc.png','1523522336','1','[{"name":"颜色","value":"红"},{"name":"内存","value":"2G"},{"name":"硬盘","value":"1G"}]','1'),
('154','1','146','8','口红',0.01,0.01,'1','/uploads/shop/5ac9c441a34cc.png','1523522523','1','[{"name":"颜色","value":"红"},{"name":"内存","value":"2G"},{"name":"硬盘","value":"1G"}]','1'),
('155','1','147','8','口红',0.01,0.01,'1','/uploads/shop/5ac9c441a34cc.png','1523522702','1','[{"name":"颜色","value":"红"},{"name":"内存","value":"2G"},{"name":"硬盘","value":"1G"}]','1'),
('156','1','148','9','口红1号',12.00,12.00,'1','/uploads/shop/5ac9c43955af0.png','1523522994','0','[]','3'),
('157','1','149','9','口红1号',12.00,12.00,'1','/uploads/shop/5ac9c43955af0.png','1523523067','0','[]','3'),
('158','1','150','9','口红1号',12.00,12.00,'1','/uploads/shop/5ac9c43955af0.png','1523523071','0','[]','3'),
('159','1','151','9','口红1号',0.01,0.01,'1','/uploads/shop/5ac9c43955af0.png','1523523183','1','[]','3'),
('160','1','152','9','口红1号',0.01,0.01,'1','/uploads/shop/5ac9c43955af0.png','1523523447','0','[]','3'),
('161','1','153','9','口红1号',0.01,0.01,'1','/uploads/shop/5ac9c43955af0.png','1523523453','1','[]','3'),
('162','1','154','9','口红1号',0.01,0.01,'1','/uploads/shop/5ac9c43955af0.png','1523523640','1','[]','3'),
('163','6','155','9','口红1号',0.01,0.01,'1','/uploads/shop/5ac9c43955af0.png','1523526241','0','[]','3'),
('164','6','156','9','口红1号',0.01,0.01,'1','/uploads/shop/5ac9c43955af0.png','1523526249','0','[]','3'),
('166','6','158','6','口红',60.00,60.00,'1','/uploads/shop/5ac9c43955af0.png','1523526332','0','[{"name":"颜色","value":"红"},{"name":"内存","value":"2G"},{"name":"硬盘","value":"1G"}]','2'),
('170','7','162','9','口红1号',0.01,0.01,'1','/uploads/shop/5ac9c43955af0.png','1523526396','1','[]','3'),
('171','9','163','8','口红',0.01,0.01,'1','/uploads/shop/5ac9c441a34cc.png','1523526435','0','[{"name":"颜色","value":"红"},{"name":"内存","value":"3G"},{"name":"硬盘","value":"2G"}]','1'),
('174','5','166','8','口红',0.01,0.01,'1','/uploads/shop/5ac9c441a34cc.png','1523526521','0','[{"name":"颜色","value":"红"},{"name":"内存","value":"2G"},{"name":"硬盘","value":"1G"}]','1'),
('175','4','167','8','口红',0.01,0.03,'3','/uploads/shop/5ac9c441a34cc.png','1523526521','0','[{"name":"颜色","value":"红"},{"name":"内存","value":"4G"},{"name":"硬盘","value":"3G"}]','1'),
('176','6','168','8','口红',0.01,0.01,'1','/uploads/shop/5ac9c441a34cc.png','1523526532','0','[{"name":"颜色","value":"红"},{"name":"内存","value":"2G"},{"name":"硬盘","value":"1G"}]','1'),
('177','6','169','8','口红',0.01,0.01,'1','/uploads/shop/5ac9c441a34cc.png','1523526547','0','[{"name":"颜色","value":"红"},{"name":"内存","value":"2G"},{"name":"硬盘","value":"1G"}]','1'),
('178','9','170','8','口红',0.01,0.01,'1','/uploads/shop/5ac9c441a34cc.png','1523526685','1','[{"name":"颜色","value":"蓝"},{"name":"内存","value":"2G"},{"name":"硬盘","value":"1G"}]','1'),
('179','6','171','8','口红',0.01,0.01,'1','/uploads/shop/5ac9c441a34cc.png','1523526821','0','[{"name":"颜色","value":"绿"},{"name":"内存","value":"4G"},{"name":"硬盘","value":"2G"}]','1'),
('180','6','172','8','口红',0.01,0.01,'1','/uploads/shop/5ac9c441a34cc.png','1523526832','0','[{"name":"颜色","value":"绿"},{"name":"内存","value":"4G"},{"name":"硬盘","value":"2G"}]','1'),
('181','6','173','8','口红',0.01,0.01,'1','/uploads/shop/5ac9c441a34cc.png','1523526844','0','[{"name":"颜色","value":"绿"},{"name":"内存","value":"4G"},{"name":"硬盘","value":"2G"}]','1'),
('182','6','174','8','口红',0.01,0.01,'1','/uploads/shop/5ac9c441a34cc.png','1523526905','0','[{"name":"颜色","value":"红"},{"name":"内存","value":"2G"},{"name":"硬盘","value":"1G"}]','1'),
('183','6','175','8','口红',0.01,0.01,'1','/uploads/shop/5ac9c441a34cc.png','1523526911','0','[{"name":"颜色","value":"红"},{"name":"内存","value":"2G"},{"name":"硬盘","value":"1G"}]','1'),
('184','6','176','8','口红',0.01,0.01,'1','/uploads/shop/5ac9c441a34cc.png','1523526917','0','[{"name":"颜色","value":"红"},{"name":"内存","value":"2G"},{"name":"硬盘","value":"1G"}]','1'),
('185','6','177','8','口红',0.01,0.01,'1','/uploads/shop/5ac9c441a34cc.png','1523526934','0','[{"name":"颜色","value":"红"},{"name":"内存","value":"2G"},{"name":"硬盘","value":"1G"}]','1'),
('186','6','178','6','口红',60.00,60.00,'1','/uploads/shop/5ac9c43955af0.png','1523526972','0','[{"name":"颜色","value":"红"},{"name":"内存","value":"2G"},{"name":"硬盘","value":"1G"}]','2'),
('187','6','179','6','口红',60.00,60.00,'1','/uploads/shop/5ac9c43955af0.png','1523527054','0','[{"name":"颜色","value":"红"},{"name":"内存","value":"2G"},{"name":"硬盘","value":"1G"}]','2'),
('188','6','180','8','口红',0.01,0.01,'1','/uploads/shop/5ac9c441a34cc.png','1523527123','0','[{"name":"颜色","value":"红"},{"name":"内存","value":"2G"},{"name":"硬盘","value":"1G"}]','1'),
('189','11','181','5','口红',150.00,150.00,'1','/uploads/shop/5ac9c43955af0.png','1523527688','0','[{"name":"颜色","value":"红"},{"name":"内存","value":"2G"},{"name":"硬盘","value":"1G"}]','1'),
('190','11','182','8','口红',0.01,0.01,'1','/uploads/shop/5ac9c441a34cc.png','1523527765','0','[{"name":"颜色","value":"红"},{"name":"内存","value":"2G"},{"name":"硬盘","value":"1G"}]','1'),
('191','11','183','8','口红',0.01,0.01,'1','/uploads/shop/5ac9c441a34cc.png','1523527774','0','[{"name":"颜色","value":"红"},{"name":"内存","value":"2G"},{"name":"硬盘","value":"1G"}]','1'),
('192','11','184','8','口红',0.01,0.01,'1','/uploads/shop/5ac9c441a34cc.png','1523527793','0','[{"name":"颜色","value":"红"},{"name":"内存","value":"2G"},{"name":"硬盘","value":"1G"}]','1'),
('193','11','185','5','口红',150.00,150.00,'1','/uploads/shop/5ac9c43955af0.png','1523527881','0','[{"name":"颜色","value":"红"},{"name":"内存","value":"2G"},{"name":"硬盘","value":"1G"}]','1'),
('194','11','186','5','口红',150.00,150.00,'1','/uploads/shop/5ac9c43955af0.png','1523527891','0','[{"name":"颜色","value":"红"},{"name":"内存","value":"2G"},{"name":"硬盘","value":"1G"}]','1'),
('195','11','187','5','口红',150.00,150.00,'1','/uploads/shop/5ac9c43955af0.png','1523527906','0','[{"name":"颜色","value":"红"},{"name":"内存","value":"2G"},{"name":"硬盘","value":"1G"}]','1'),
('196','11','188','5','口红',150.00,150.00,'1','/uploads/shop/5ac9c43955af0.png','1523527915','0','[{"name":"颜色","value":"红"},{"name":"内存","value":"2G"},{"name":"硬盘","value":"1G"}]','1'),
('197','5','189','5','口红',150.00,150.00,'1','/uploads/shop/5ac9c43955af0.png','1523528073','0','[{"name":"颜色","value":"红"},{"name":"内存","value":"2G"},{"name":"硬盘","value":"1G"}]','1'),
('198','2','190','5','口红',150.00,150.00,'1','/uploads/shop/5ac9c43955af0.png','1523528093','0','[{"name":"颜色","value":"红"},{"name":"内存","value":"2G"},{"name":"硬盘","value":"1G"}]','1'),
('199','6','191','6','口红',60.00,60.00,'1','/uploads/shop/5ac9c43955af0.png','1523528331','0','[{"name":"颜色","value":"红"},{"name":"内存","value":"2G"},{"name":"硬盘","value":"1G"}]','2'),
('200','6','192','7','口红',2600.00,7800.00,'3','/uploads/shop/5ac9c433cc463.png','1523528415','0','[{"name":"颜色","value":"红"},{"name":"内存","value":"2G"},{"name":"硬盘","value":"1G"}]','1'),
('201','6','193','9','口红1号',0.01,0.01,'1','/uploads/shop/5ac9c43955af0.png','1523528635','0','[]','3'),
('202','2','194','8','口红',0.01,0.01,'1','/uploads/shop/5ac9c441a34cc.png','1523528646','1','[{"name":"颜色","value":"红"},{"name":"内存","value":"2G"},{"name":"硬盘","value":"1G"}]','1'),
('203','2','195','8','口红',0.01,0.01,'1','/uploads/shop/5ac9c441a34cc.png','1523529365','0','[{"name":"颜色","value":"红"},{"name":"内存","value":"2G"},{"name":"硬盘","value":"1G"}]','1'),
('204','2','196','8','口红',0.01,0.01,'1','/uploads/shop/5ac9c441a34cc.png','1523529404','1','[{"name":"颜色","value":"红"},{"name":"内存","value":"2G"},{"name":"硬盘","value":"1G"}]','1'),
('205','6','197','8','口红',0.01,0.01,'1','/uploads/shop/5ac9c441a34cc.png','1523529413','0','[{"name":"颜色","value":"红"},{"name":"内存","value":"2G"},{"name":"硬盘","value":"1G"}]','1'),
('206','6','198','8','口红',0.01,0.01,'1','/uploads/shop/5ac9c441a34cc.png','1523529433','0','[{"name":"颜色","value":"红"},{"name":"内存","value":"2G"},{"name":"硬盘","value":"1G"}]','1'),
('207','6','199','8','口红',0.01,0.01,'1','/uploads/shop/5ac9c441a34cc.png','1523529546','0','[{"name":"颜色","value":"红"},{"name":"内存","value":"2G"},{"name":"硬盘","value":"1G"}]','1'),
('208','6','200','8','口红',0.01,0.01,'1','/uploads/shop/5ac9c441a34cc.png','1523529599','0','[{"name":"颜色","value":"红"},{"name":"内存","value":"2G"},{"name":"硬盘","value":"1G"}]','1'),
('209','6','201','8','口红',0.01,0.01,'1','/uploads/shop/5ac9c441a34cc.png','1523530557','1','[{"name":"颜色","value":"红"},{"name":"内存","value":"2G"},{"name":"硬盘","value":"1G"}]','1'),
('210','2','202','7','口红',2600.00,7800.00,'3','/uploads/shop/5ac9c433cc463.png','1523530685','0','[{"name":"颜色","value":"红"},{"name":"内存","value":"2G"},{"name":"硬盘","value":"1G"}]','1'),
('211','2','203','8','口红',0.01,0.01,'1','/uploads/shop/5ac9c441a34cc.png','1523531979','0','[{"name":"颜色","value":"红"},{"name":"内存","value":"2G"},{"name":"硬盘","value":"1G"}]','1'),
('212','5','204','5','口红',150.00,150.00,'1','/uploads/shop/5ac9c43955af0.png','1523547157','0','[{"name":"颜色","value":"红"},{"name":"内存","value":"2G"},{"name":"硬盘","value":"1G"}]','1'),
('215','1','207','6','口红',60.00,60.00,'1','/uploads/shop/5ac9c43955af0.png','1523580826','0','[{"name":"颜色","value":"红"},{"name":"内存","value":"2G"},{"name":"硬盘","value":"1G"}]','2'),
('216','1','208','6','口红',60.00,60.00,'1','/uploads/shop/5ac9c43955af0.png','1523581028','0','[{"name":"颜色","value":"绿"},{"name":"内存","value":"3G"},{"name":"硬盘","value":"1G"}]','2'),
('217','5','209','8','口红',0.01,0.01,'1','/uploads/shop/5ac9c441a34cc.png','1523582327','0','[{"name":"颜色","value":"红"},{"name":"内存","value":"2G"},{"name":"硬盘","value":"1G"}]','1'),
('218','5','210','8','口红',0.01,0.01,'1','/uploads/shop/5ac9c441a34cc.png','1523583527','0','[{"name":"颜色","value":"红"},{"name":"内存","value":"2G"},{"name":"硬盘","value":"1G"}]','1'),
('219','1','211','8','口红',0.01,0.01,'1','/uploads/shop/5ac9c441a34cc.png','1523601792','0','[{"name":"颜色","value":"红"},{"name":"内存","value":"2G"},{"name":"硬盘","value":"1G"}]','1'),
('220','1','212','8','口红',0.01,0.01,'1','/uploads/shop/5ac9c441a34cc.png','1523603278','0','[{"name":"颜色","value":"绿"},{"name":"内存","value":"4G"},{"name":"硬盘","value":"1G"}]','1'),
('221','2','213','7','口红',2600.00,2600.00,'1','/uploads/shop/5ac9c433cc463.png','1523603314','0','[{"name":"颜色","value":"红"},{"name":"内存","value":"2G"},{"name":"硬盘","value":"1G"}]','1'),
('223','1','215','8','口红',0.01,0.01,'1','/uploads/shop/5ac9c441a34cc.png','1523603364','1','[{"name":"颜色","value":"红"},{"name":"内存","value":"2G"},{"name":"硬盘","value":"1G"}]','1'),
('224','1','216','8','口红',0.01,0.01,'1','/uploads/shop/5ac9c441a34cc.png','1523603416','0','[{"name":"颜色","value":"绿"},{"name":"内存","value":"4G"},{"name":"硬盘","value":"1G"}]','1'),
('225','1','217','9','口红1号',0.01,0.01,'1','/uploads/shop/5ac9c43955af0.png','1523604485','0','[]','3'),
('226','1','218','9','口红1号',0.01,0.01,'1','/uploads/shop/5ac9c43955af0.png','1523614440','0','[]','3'),
('227','5','219','8','口红',0.01,0.01,'1','/uploads/shop/5ac9c441a34cc.png','1523668460','0','[{"name":"颜色","value":"红"},{"name":"内存","value":"2G"},{"name":"硬盘","value":"1G"}]','1'),
('228','5','220','8','口红',0.01,0.01,'1','/uploads/shop/5ac9c441a34cc.png','1523668616','0','[{"name":"颜色","value":"红"},{"name":"内存","value":"2G"},{"name":"硬盘","value":"1G"}]','1'),
('229','9','221','8','口红',0.01,0.01,'1','/uploads/shop/5ac9c441a34cc.png','1523669552','1','[{"name":"颜色","value":"红"},{"name":"内存","value":"2G"},{"name":"硬盘","value":"1G"}]','1'),
('230','9','222','9','口红1号',0.01,0.01,'1','/uploads/shop/5ac9c43955af0.png','1523669621','1','[]','3'),
('231','1','223','9','口红1号',0.01,0.01,'1','/uploads/shop/5ac9c43955af0.png','1523669782','1','[]','3'),
('232','9','224','9','口红1号',0.01,0.01,'1','/uploads/shop/5ac9c43955af0.png','1523669876','1','[]','3'),
('233','2','225','9','口红1号',0.01,0.01,'1','/uploads/shop/5ac9c43955af0.png','1523670593','1','[]','3'),
('234','5','226','8','口红',0.01,0.01,'1','/uploads/shop/5ac9c441a34cc.png','1523674702','0','[{"name":"颜色","value":"红"},{"name":"内存","value":"2G"},{"name":"硬盘","value":"1G"}]','1'),
('235','5','227','8','口红',0.01,0.01,'1','/uploads/shop/5ac9c441a34cc.png','1523674709','0','[{"name":"颜色","value":"红"},{"name":"内存","value":"2G"},{"name":"硬盘","value":"1G"}]','1'),
('236','5','228','8','口红',0.01,0.01,'1','/uploads/shop/5ac9c441a34cc.png','1523674713','0','[{"name":"颜色","value":"红"},{"name":"内存","value":"2G"},{"name":"硬盘","value":"1G"}]','1'),
('237','12','229','9','口红1号',0.01,0.01,'1','/uploads/shop/5ac9c43955af0.png','1523689250','0','[]','3'),
('238','12','230','9','口红1号',0.01,0.01,'1','/uploads/shop/5ac9c43955af0.png','1523689265','0','[]','3'),
('239','1','231','9','口红1号',0.01,0.01,'1','/uploads/shop/5ac9c43955af0.png','1523689309','0','[]','3'),
('240','3','232','9','口红1号',0.01,0.01,'1','/uploads/shop/5ac9c43955af0.png','1523689432','0','[]','3'),
('241','3','233','9','口红1号',0.01,0.01,'1','/uploads/shop/5ac9c43955af0.png','1523689458','1','[]','3');
DROP TABLE IF EXISTS  `wx_shop_order_temp`;
CREATE TABLE `wx_shop_order_temp` (
  `id` int(11) NOT NULL AUTO_INCREMENT,
  `user_id` int(11) unsigned NOT NULL DEFAULT '0',
  `good_id` int(11) unsigned NOT NULL DEFAULT '0',
  `good_num` int(11) unsigned NOT NULL DEFAULT '1',
  `type` varchar(255) NOT NULL DEFAULT '',
  PRIMARY KEY (`id`)
) ENGINE=InnoDB AUTO_INCREMENT=33 DEFAULT CHARSET=utf8 COMMENT='用户购物车数据';

insert into `wx_shop_order_temp`(`id`,`user_id`,`good_id`,`good_num`,`type`) values
('4','1','5','1','[{"name":"颜色","value":"红"},{"name":"内存","value":"2G"}]'),
('7','1','8','2','[{"name":"颜色","value":"红"},{"name":"内存","value":"2G"},{"name":"硬盘","value":"1G"}]'),
('9','1','7','3','[{"name":"颜色","value":"红"},{"name":"内存","value":"2G"},{"name":"硬盘","value":"1G"}]'),
('12','10','7','2','[{"name":"颜色","value":"红"},{"name":"内存","value":"2G"},{"name":"硬盘","value":"1G"}]'),
('13','8','5','8','[{"name":"颜色","value":"红"},{"name":"内存","value":"2G"},{"name":"硬盘","value":"1G"}]'),
('14','8','8','7','[{"name":"颜色","value":"红"},{"name":"内存","value":"2G"},{"name":"硬盘","value":"1G"}]'),
('15','8','4','3','[{"name":"颜色","value":"红"},{"name":"内存","value":"2G"},{"name":"硬盘","value":"1G"}]'),
('16','1','8','1','[{"name":"颜色","value":"蓝"},{"name":"内存","value":"4G"},{"name":"硬盘","value":"2G"}]'),
('18','7','7','4','[{"name":"颜色","value":"红"},{"name":"内存","value":"2G"},{"name":"硬盘","value":"1G"}]'),
('19','7','8','1','[{"name":"颜色","value":"红"},{"name":"内存","value":"2G"},{"name":"硬盘","value":"1G"}]'),
('20','4','8','1','[{"name":"颜色","value":"红"},{"name":"内存","value":"2G"},{"name":"硬盘","value":"1G"}]'),
('24','11','8','1','[{"name":"颜色","value":"红"},{"name":"内存","value":"2G"},{"name":"硬盘","value":"1G"}]'),
('25','11','7','3','[{"name":"颜色","value":"红"},{"name":"内存","value":"2G"},{"name":"硬盘","value":"1G"}]'),
('26','4','5','2','[{"name":"颜色","value":"红"},{"name":"内存","value":"2G"},{"name":"硬盘","value":"1G"}]'),
('28','6','5','2','[{"name":"颜色","value":"红"},{"name":"内存","value":"2G"},{"name":"硬盘","value":"1G"}]'),
('29','2','8','1','[{"name":"颜色","value":"红"},{"name":"内存","value":"2G"},{"name":"硬盘","value":"1G"}]'),
('30','2','5','1','[{"name":"颜色","value":"红"},{"name":"内存","value":"2G"},{"name":"硬盘","value":"1G"}]'),
('31','2','7','1','[{"name":"颜色","value":"红"},{"name":"内存","value":"2G"},{"name":"硬盘","value":"1G"}]'),
('32','13','5','1','[{"name":"颜色","value":"红"},{"name":"内存","value":"2G"},{"name":"硬盘","value":"1G"}]');
DROP TABLE IF EXISTS  `wx_shop_spec`;
CREATE TABLE `wx_shop_spec` (
  `spec_id` int(11) NOT NULL AUTO_INCREMENT,
  `spec_name` varchar(32) NOT NULL DEFAULT '',
  `type_id` int(11) unsigned NOT NULL DEFAULT '0',
  `value` varchar(255) NOT NULL DEFAULT '',
  `type` int(1) unsigned NOT NULL DEFAULT '0',
  PRIMARY KEY (`spec_id`)
) ENGINE=InnoDB AUTO_INCREMENT=8 DEFAULT CHARSET=utf8;

insert into `wx_shop_spec`(`spec_id`,`spec_name`,`type_id`,`value`,`type`) values
('4','颜色','3','红,蓝,绿','1'),
('6','内存','3','2G,3G,4G,5G','1'),
('7','硬盘','3','1G,2G,3G','1');
DROP TABLE IF EXISTS  `wx_subscribe`;
CREATE TABLE `wx_subscribe` (
  `id` int(11) NOT NULL AUTO_INCREMENT,
  `content` varchar(255) NOT NULL DEFAULT '',
  `keyword` varchar(30) NOT NULL DEFAULT '',
  PRIMARY KEY (`id`)
) ENGINE=InnoDB AUTO_INCREMENT=2 DEFAULT CHARSET=utf8 ROW_FORMAT=DYNAMIC;

insert into `wx_subscribe`(`id`,`content`,`keyword`) values
('1','大使发达沙发垫','');
DROP TABLE IF EXISTS  `wx_text`;
CREATE TABLE `wx_text` (
  `id` int(11) NOT NULL AUTO_INCREMENT,
  `keyword` varchar(255) NOT NULL DEFAULT '',
  `content` text NOT NULL,
  `createtime` int(11) NOT NULL DEFAULT '0',
  `click` int(11) unsigned NOT NULL DEFAULT '0',
  `keyword_type` int(1) unsigned NOT NULL DEFAULT '0',
  PRIMARY KEY (`id`)
) ENGINE=InnoDB AUTO_INCREMENT=3 DEFAULT CHARSET=utf8 ROW_FORMAT=DYNAMIC;

insert into `wx_text`(`id`,`keyword`,`content`,`createtime`,`click`,`keyword_type`) values
('1','a','呵呵呵呵呵呵呵呵','1520212061','24','0'),
('2','呵呵','呵呵呵呵呵呵呵呵','1520221246','1','1');
DROP TABLE IF EXISTS  `wx_upgrade_log`;
CREATE TABLE `wx_upgrade_log` (
  `id` int(11) NOT NULL AUTO_INCREMENT,
  `user_id` int(11) NOT NULL DEFAULT '0',
  `old_grade` tinyint(1) NOT NULL DEFAULT '0' COMMENT '用户没有升级前的级别类型 1 2 3 4 5',
  `new_grade` tinyint(1) NOT NULL COMMENT '用户在选择页面显示的等级',
  `pic_url` varchar(125) NOT NULL COMMENT '上传的凭证的地址',
  `create_time` int(11) NOT NULL DEFAULT '0',
  `success_time` int(11) NOT NULL DEFAULT '0' COMMENT '后台管理员审核时间',
  `state` tinyint(1) NOT NULL DEFAULT '0' COMMENT '0 未审核 1 审核通过 2 审核不通过',
  PRIMARY KEY (`id`)
) ENGINE=InnoDB AUTO_INCREMENT=7 DEFAULT CHARSET=utf8 COMMENT='前台申请升级，后台审核或者同意或者不同意';

insert into `wx_upgrade_log`(`id`,`user_id`,`old_grade`,`new_grade`,`pic_url`,`create_time`,`success_time`,`state`) values
('1','1','0','2','uploads/upgrade/1523498758.png','1523434758','1523500828','1'),
('2','1','0','2','uploads/upgrade/1523498758.png','1523434760','1523500831','2'),
('3','1','0','2','uploads/upgrade/1523498758.png','1523434761','1523604002','2'),
('4','1','0','2','uploads/upgrade/1523498758.png','1523434761','1523604004','2'),
('5','1','4','5','uploads/upgrade/1523604065.jpeg','1523604066','1523604084','1'),
('6','1','1','2','uploads/upgrade/1523667482.jpeg','1523667484','1523667502','1');
DROP TABLE IF EXISTS  `wx_user`;
CREATE TABLE `wx_user` (
  `user_id` int(11) NOT NULL AUTO_INCREMENT,
  `tel` varchar(11) NOT NULL COMMENT '登录的时候填写的手机号',
  `nickname` varchar(125) NOT NULL DEFAULT '',
  `openid` varchar(125) NOT NULL DEFAULT '',
  `headimgurl` varchar(255) NOT NULL DEFAULT '' COMMENT '头像url',
  `money` decimal(10,2) NOT NULL DEFAULT '0.00',
  `jifen` decimal(10,2) NOT NULL DEFAULT '0.00',
  `p_id` int(11) NOT NULL DEFAULT '0' COMMENT '上级人id',
  `type` tinyint(3) NOT NULL DEFAULT '0' COMMENT '默认是0，代言人 小V 大V等等',
  `yeji` decimal(10,2) NOT NULL DEFAULT '0.00' COMMENT '记录下级的购买商品的业绩',
  `month_yeji` decimal(10,2) NOT NULL DEFAULT '0.00' COMMENT '记录下级的当月的业绩',
  `zj_yeji` decimal(10,2) NOT NULL DEFAULT '0.00' COMMENT '自己的业绩',
  `month_zj_yeji` decimal(10,2) NOT NULL DEFAULT '0.00' COMMENT '自己的业绩',
  `create_time` int(11) NOT NULL DEFAULT '0',
  `state` tinyint(3) NOT NULL DEFAULT '0' COMMENT '当用户购买完199元商品后这个为1',
  `income` decimal(10,2) NOT NULL DEFAULT '0.00' COMMENT '用户的佣金收入，因为升级的时候要判断收入多少',
  `libao_number` int(11) NOT NULL DEFAULT '0' COMMENT '分享5人购买送产品一套 没有是0  有事1 领取过是2',
  `grade` int(11) NOT NULL DEFAULT '0' COMMENT '用户的级别 vip 省代 总代等',
  `is_forbid` tinyint(1) NOT NULL DEFAULT '0' COMMENT '当前用户是否被禁用',
  PRIMARY KEY (`user_id`),
  KEY `p_id` (`p_id`)
) ENGINE=InnoDB AUTO_INCREMENT=14 DEFAULT CHARSET=utf8;

insert into `wx_user`(`user_id`,`tel`,`nickname`,`openid`,`headimgurl`,`money`,`jifen`,`p_id`,`type`,`yeji`,`month_yeji`,`zj_yeji`,`month_zj_yeji`,`create_time`,`state`,`income`,`libao_number`,`grade`,`is_forbid`) values
('1','18317774594','李佳飞','oWWmTwsuBPeyXcE3GdsBZarCi8FM','http://thirdwx.qlogo.cn/mmopen/vi_32/NSoYcQkvib5XWaKyqVdbKtPNkVRByaUTLOOxgSAiaicia0qwb1PaicADkKlSratCqcHDVHBsZBeAea8QHsVNxUC9Hew/132',0.81,9400.23,'0','1',0.10,0.10,0.06,0.06,'1523415863','1',10.81,'1','1','0'),
('2','18595906710','Al情绪控','oWWmTwjyEDni7HHmxFI3bymI8tj4','http://thirdwx.qlogo.cn/mmopen/vi_32/Q0j4TwGTfTI0d83kur0XmEj86Wt2hibt1I2BLFCIeFRUatR4axoEJBibQv1RoI787gFGe2iayxAia50ibukvyZgyTeg/132',2.15,2.23,'1','5',0.04,0.04,0.03,0.03,'1523427709','1',2.15,'0','1','0'),
('3','15638129392','忻妍','oWWmTwiGWauSoMcySphLV75gzhzM','http://thirdwx.qlogo.cn/mmopen/vi_32/Q0j4TwGTfTLXbhAuaxKiaXqv6OWyr6SibjW5K07nCko3YHy7bQAZsWVYl7hzYvXQt4akcb2duY5Wbuk1Jibs3eic7g/132',0.00,0.23,'1','0',0.00,0.00,0.01,0.01,'1523526000','1',0.00,'0','1','0'),
('4','13283873042','ICAN','oWWmTwu0J0ZWNtLK5IjPDtIEvayc','http://thirdwx.qlogo.cn/mmopen/vi_32/Q0j4TwGTfTLXibzeMXGoTbceicDXWJicfdlGtTDnaxUTaXVY1t3vcPXkT5CBWYHsnyYgowuI1UHS6BCpbHppdlIQQ/132',0.00,0.00,'1','0',0.00,0.00,0.00,0.00,'1523526071','1',0.00,'0','1','0'),
('5','15902259328','nax','oWWmTwr5p-jQd2FlrbLacgelcaJo','http://thirdwx.qlogo.cn/mmopen/vi_32/PiajxSqBRaEIwosvh2XbV4ezPjckZOD1iannyIVNIY6iaSmTP3RnwwEuosticPoj8zkaMlia9ric2ZlFI7Qzvialfzic3A/132',0.00,0.00,'1','0',0.00,0.00,0.00,0.00,'1523526113','0',0.00,'0','1','0'),
('6','13903854471','wyh','oWWmTwhwDeE3CwfJ-f0_hDS6oCCM','http://thirdwx.qlogo.cn/mmopen/vi_32/Q0j4TwGTfTLz7QTEQJdoP4fDDhbpXUniaXM6FNwrbMPNANC97JaiclLFOSy2nUAykI8zyw2TYbTN6OIqaJ0ySJaw/132',0.00,1.00,'1','0',0.00,0.00,0.01,0.01,'1523526136','0',0.00,'0','1','0'),
('7','15517173779','白双强','oWWmTwk_BeGtLfXvbtsLxV5HBSUY','http://thirdwx.qlogo.cn/mmopen/vi_32/Q0j4TwGTfTLFaLEzmT9Rl96BDbWHd8TJATDBp8urSmYqDT6yJ3a8bIDoxRhPKDQZBsuLjsOeVibziboeIHIIj0tw/132',0.00,0.23,'1','0',0.00,0.00,0.01,0.01,'1523526190','1',0.00,'0','1','0'),
('8','18538739007','于春风·西瓜科技','oWWmTwrOQjvVbbcwukbDSMHWClm4','http://thirdwx.qlogo.cn/mmopen/vi_32/Q0j4TwGTfTIwcXyiab42mzd2SYx1KHJW9PzfvkbkTLXnoJ9XRaJzam2u62EWpbXZoT743mryw4KIwVb1LjFSibAw/132',0.00,0.00,'1','0',0.00,0.00,0.00,0.00,'1523526312','0',0.00,'0','1','0'),
('9','15516969393','冯松林','oWWmTwpS9efgHXYffVvb4vvhJCTE','http://thirdwx.qlogo.cn/mmopen/vi_32/Q0j4TwGTfTJ9wGFs20qZfWGzFp2icibf277kJs2W89MHAgwibibKyHCeiau2X1JFVWZnCyMr5QYOCkadpx0rRDuqyiag/132',0.00,2.46,'1','0',0.00,0.00,0.04,0.04,'1523526316','1',0.00,'0','1','0'),
('10','18037132736','赵博','oWWmTwszHxniqV8uVeOeB6QVGiZU','http://thirdwx.qlogo.cn/mmopen/vi_32/DYAIOgq83epBW5TAxeFNiadZtdeFE5m85Iu39TNhvLzv7WibcUnLJleNgJmIS7vniaql5zQnDiahMiaRpIEfTfEm8QA/132',0.00,0.00,'1','0',0.00,0.00,0.00,0.00,'1523526798','0',0.00,'0','1','0'),
('11','18703741760','MYu','oWWmTwr1AsTDGvxng5wrwmhx6alQ','http://thirdwx.qlogo.cn/mmopen/vi_32/cK9VnhBrRaEiaXNodrreD5UtjmXAPNsIZ7iaBqpKtHOqXRFq55ZneumrBvNibbBx2DJLVKtXQTDIlu8OaUUMeDu8g/132',0.00,0.00,'1','0',0.00,0.00,0.00,0.00,'1523527342','0',0.00,'0','1','0'),
('12','15136401383','C','oWWmTwp21kSEPfnR1UxG67dA7sY0','http://thirdwx.qlogo.cn/mmopen/vi_32/Q0j4TwGTfTJbsiaVnbPULUVIo33MpJa98DfNHCYiaPgRWQneGlz3sjG7tR4vXh8ka5ezVyHvxIZLQXUtLv5AQPOw/132',0.00,0.00,'1','0',0.00,0.00,0.00,0.00,'1523527693','0',0.00,'0','1','0'),
('13','18577970875','迪琳娜楚楚分享经济','oWWmTwmeEqX3gZksjWuAYSxNKEIQ','http://thirdwx.qlogo.cn/mmopen/vi_32/Q0j4TwGTfTJDehtQUqWly7S41uBOtYRic1Axx4j6sJzcgtCeFrjJcs9Ph0Z7TbUyQ26mt5icfjsYS4tZw1BRqcTA/132',0.00,0.00,'9','0',0.00,0.00,0.00,0.00,'1523679184','0',0.00,'0','0','0');
DROP TABLE IF EXISTS  `wx_user_address`;
CREATE TABLE `wx_user_address` (
  `address_id` int(11) NOT NULL AUTO_INCREMENT,
  `user_id` int(11) unsigned NOT NULL DEFAULT '0',
  `username` varchar(255) NOT NULL DEFAULT '',
  `telphone` varchar(32) NOT NULL DEFAULT '',
  `address` varchar(255) NOT NULL DEFAULT '',
  `is_true` int(11) NOT NULL DEFAULT '0',
  `city` varchar(255) NOT NULL DEFAULT '',
  `code` varchar(255) DEFAULT NULL COMMENT '省份所代表的编码',
  PRIMARY KEY (`address_id`)
) ENGINE=InnoDB AUTO_INCREMENT=46 DEFAULT CHARSET=utf8 ROW_FORMAT=COMPACT;

insert into `wx_user_address`(`address_id`,`user_id`,`username`,`telphone`,`address`,`is_true`,`city`,`code`) values
('9','3','王振','18595906710','119','0','[{"code":"12","name":"天津市"},{"code":"1201","name":"市辖区"},{"code":"120101","name":"和平区"},{"code":"120101001","name":"劝业场街道"}]','1000'),
('10','3','王华','15537839367','河南','0','[{"code":"13","name":"河北省"},{"code":"1301","name":"石家庄市"},{"code":"130102","name":"长安区"},{"code":"130102001","name":"建北街道"}]','1000'),
('11','1','李佳飞','18317774594','世玺中心','0','[{"code":"41","name":"河南省"},{"code":"4101","name":"郑州市"},{"code":"410181","name":"巩义市"},{"code":"410181004","name":"孝义街道"}]','1000'),
('19','100007','冯松林','15516969393','245','1','[{"code":"11","name":"北京市"},{"code":"1101","name":"市辖区"},{"code":"110101","name":"东城区"},{"code":"110101001","name":"东华门街道"}]','1000'),
('20','100009','好','18500331695','530','1','[{"code":"11","name":"北京市"},{"code":"1101","name":"市辖区"},{"code":"110101","name":"东城区"},{"code":"110101001","name":"东华门街道"}]','1000'),
('21','100008','cui','13313511601','人民路','1','[{"code":"14","name":"山西省"},{"code":"1401","name":"太原市"},{"code":"140105","name":"小店区"},{"code":"140105006","name":"小店街道"}]','1000'),
('22','100013','王振','18595906710','1890','1','[{"code":"11","name":"北京市"},{"code":"1101","name":"市辖区"},{"code":"110101","name":"东城区"},{"code":"110101001","name":"东华门街道"}]','1000'),
('23','3','王振','18595906710','112','1','[{"code":"11","name":"北京市"},{"code":"1101","name":"市辖区"},{"code":"110101","name":"东城区"},{"code":"110101001","name":"东华门街道"}]','1000'),
('26','1','王振','18595906710','实习中心','0','[{"code":"11","name":"北京市"},{"code":"1101","name":"市辖区"},{"code":"110101","name":"东城区"},{"code":"110101001","name":"东华门街道"}]','1000'),
('27','8','王振','18595906710','在水一方','0','[{"code":"11","name":"北京市"},{"code":"1101","name":"市辖区"},{"code":"110101","name":"东城区"},{"code":"110101001","name":"东华门街道"}]','1000'),
('28','8','李佳飞','18317774594','世玺中心','0','[{"code":"41","name":"河南省"},{"code":"4101","name":"郑州市"},{"code":"410104","name":"管城回族区"},{"code":"410104001","name":"北下街街道"}]','1000'),
('29','8','张三','13903856666','一号楼一单元1606','0','[{"code":"15","name":"内蒙古自治区"},{"code":"1501","name":"呼和浩特市"},{"code":"150102","name":"新城区"},{"code":"150102001","name":"海拉尔东路街道"}]','1000'),
('30','8','张三','13903856666','一号楼','1','[{"code":"15","name":"内蒙古自治区"},{"code":"1501","name":"呼和浩特市"},{"code":"150102","name":"新城区"},{"code":"150102003","name":"中山东路街道"}]','1000'),
('31','10','王振','18595906710','1501','1','[{"code":"11","name":"北京市"},{"code":"1101","name":"市辖区"},{"code":"110101","name":"东城区"},{"code":"110101001","name":"东华门街道"}]','1000'),
('32','12','冯松林','15516969393','243','1','[{"code":"11","name":"北京市"},{"code":"1101","name":"市辖区"},{"code":"110101","name":"东城区"},{"code":"110101001","name":"东华门街道"}]','1000'),
('33','11','冯松林','15516969393','213','1','[{"code":"11","name":"北京市"},{"code":"1101","name":"市辖区"},{"code":"110101","name":"东城区"},{"code":"110101001","name":"东华门街道"}]','1000'),
('34','2','王振','18595906710','郑州','0','[{"code":"14","name":"山西省"},{"code":"1401","name":"太原市"},{"code":"140105","name":"小店区"},{"code":"140105001","name":"坞城街道"}]','1000'),
('35','6','张三','13903854471','一号楼一单元','0','[{"code":"15","name":"内蒙古自治区"},{"code":"1501","name":"呼和浩特市"},{"code":"150102","name":"新城区"},{"code":"150102001","name":"海拉尔东路街道"}]','1000'),
('36','4','郭华涛','13283873042','郑州','1','[{"code":"13","name":"河北省"},{"code":"1302","name":"唐山市"},{"code":"130203","name":"路北区"},{"code":"130203001","name":"乔屯街道"}]','1000'),
('37','7','白双','15517173337','6号','0','[{"code":"41","name":"河南省"},{"code":"4101","name":"郑州市"},{"code":"410102","name":"中原区"},{"code":"410102001","name":"林山寨街道"}]','1000'),
('38','9','冯松林','15166933652','2416','1','[{"code":"11","name":"北京市"},{"code":"1101","name":"市辖区"},{"code":"110101","name":"东城区"},{"code":"110101001","name":"东华门街道"}]','1000'),
('39','5','KKK','15905563256','萝莉控','1','[]','1000'),
('40','2','王振','18595906710','710303','0','[{"code":"14","name":"山西省"},{"code":"1401","name":"太原市"},{"code":"140105","name":"小店区"},{"code":"140105001","name":"坞城街道"}]','1000'),
('41','6','张三','13903856666','一号楼三单元','1','[{"code":"15","name":"内蒙古自治区"},{"code":"1501","name":"呼和浩特市"},{"code":"150102","name":"新城区"},{"code":"150102001","name":"海拉尔东路街道"}]','1000'),
('42','7','白双强','15517173341','8号','1','[{"code":"11","name":"北京市"},{"code":"1101","name":"市辖区"},{"code":"110101","name":"东城区"},{"code":"110101001","name":"东华门街道"}]','1000'),
('43','1','李佳飞','18317774594','世玺中心','1','[]','1000'),
('44','2','王振','18595906710','1230','0','[]','1000'),
('45','2','王振','18595906710','实习中心','1','[{"code":"11","name":"北京市"},{"code":"1101","name":"市辖区"},{"code":"110101","name":"东城区"},{"code":"110101001","name":"东华门街道"}]','1000');
DROP TABLE IF EXISTS  `wx_user_number`;
CREATE TABLE `wx_user_number` (
  `user_id` int(11) NOT NULL AUTO_INCREMENT,
  `sj_1` int(11) NOT NULL DEFAULT '0',
  `sj_2` int(11) NOT NULL DEFAULT '0',
  `sj_3` int(11) NOT NULL DEFAULT '0',
  `sj_4` int(11) NOT NULL DEFAULT '0',
  `sj_5` int(11) NOT NULL DEFAULT '0',
  `sj_6` int(11) NOT NULL DEFAULT '0',
  `sj_7` int(11) NOT NULL DEFAULT '0',
  `sj_8` int(11) NOT NULL DEFAULT '0',
  `sj_9` int(11) NOT NULL DEFAULT '0',
  `sj_10` int(11) NOT NULL DEFAULT '0',
  `sj_11` int(11) NOT NULL DEFAULT '0',
  `sj_12` int(11) NOT NULL DEFAULT '0',
  `sj_13` int(11) NOT NULL DEFAULT '0',
  `sj_14` int(11) NOT NULL DEFAULT '0',
  `sj_15` int(11) NOT NULL DEFAULT '0',
  `sj_16` int(11) NOT NULL DEFAULT '0',
  `sj_17` int(11) NOT NULL DEFAULT '0',
  `sj_18` int(11) NOT NULL DEFAULT '0',
  `sj_19` int(11) NOT NULL DEFAULT '0',
  `sj_20` int(11) NOT NULL DEFAULT '0',
  PRIMARY KEY (`user_id`)
) ENGINE=InnoDB AUTO_INCREMENT=14 DEFAULT CHARSET=utf8 COMMENT='每个人的上级对应表，二十层';

insert into `wx_user_number`(`user_id`,`sj_1`,`sj_2`,`sj_3`,`sj_4`,`sj_5`,`sj_6`,`sj_7`,`sj_8`,`sj_9`,`sj_10`,`sj_11`,`sj_12`,`sj_13`,`sj_14`,`sj_15`,`sj_16`,`sj_17`,`sj_18`,`sj_19`,`sj_20`) values
('1','0','0','0','0','0','0','0','0','0','0','0','0','0','0','0','0','0','0','0','0'),
('2','1','0','0','0','0','0','0','0','0','0','0','0','0','0','0','0','0','0','0','0'),
('3','1','0','0','0','0','0','0','0','0','0','0','0','0','0','0','0','0','0','0','0'),
('4','1','0','0','0','0','0','0','0','0','0','0','0','0','0','0','0','0','0','0','0'),
('5','1','0','0','0','0','0','0','0','0','0','0','0','0','0','0','0','0','0','0','0'),
('6','1','0','0','0','0','0','0','0','0','0','0','0','0','0','0','0','0','0','0','0'),
('7','1','0','0','0','0','0','0','0','0','0','0','0','0','0','0','0','0','0','0','0'),
('8','1','0','0','0','0','0','0','0','0','0','0','0','0','0','0','0','0','0','0','0'),
('9','1','0','0','0','0','0','0','0','0','0','0','0','0','0','0','0','0','0','0','0'),
('10','1','0','0','0','0','0','0','0','0','0','0','0','0','0','0','0','0','0','0','0'),
('11','1','0','0','0','0','0','0','0','0','0','0','0','0','0','0','0','0','0','0','0'),
('12','1','0','0','0','0','0','0','0','0','0','0','0','0','0','0','0','0','0','0','0'),
('13','9','1','0','0','0','0','0','0','0','0','0','0','0','0','0','0','0','0','0','0');
DROP TABLE IF EXISTS  `wx_user_shop_goods`;
CREATE TABLE `wx_user_shop_goods` (
  `id` int(11) NOT NULL AUTO_INCREMENT,
  `user_id` int(11) NOT NULL DEFAULT '0',
  `good_id` int(11) NOT NULL DEFAULT '0',
  PRIMARY KEY (`id`)
) ENGINE=InnoDB AUTO_INCREMENT=5 DEFAULT CHARSET=utf8 COMMENT='用户购买的商品列表，复购的时候商品价格是0.8折';

insert into `wx_user_shop_goods`(`id`,`user_id`,`good_id`) values
('1','1','8'),
('2','8','8'),
('3','12','8'),
('4','11','8');
DROP TABLE IF EXISTS  `wx_user_withdraw_info`;
CREATE TABLE `wx_user_withdraw_info` (
  `id` int(11) NOT NULL AUTO_INCREMENT,
  `user_id` int(11) NOT NULL DEFAULT '0',
  `name` varchar(255) NOT NULL DEFAULT '',
  `tel` char(11) NOT NULL DEFAULT '',
  `alipay_number` varchar(30) NOT NULL DEFAULT '' COMMENT '支付宝账号',
  `bank_name` varchar(255) NOT NULL DEFAULT '' COMMENT '银行卡的开户行',
  `bank_number` varchar(125) NOT NULL DEFAULT '' COMMENT '银行卡号',
  PRIMARY KEY (`id`),
  KEY `用户` (`user_id`) USING BTREE
) ENGINE=InnoDB AUTO_INCREMENT=26562 DEFAULT CHARSET=utf8 COMMENT='用户的提现信息，保存银行卡信息和支付宝信息';

insert into `wx_user_withdraw_info`(`id`,`user_id`,`name`,`tel`,`alipay_number`,`bank_name`,`bank_number`) values
('26537','1','李佳飞','18317774594','18317774594','建设银行','6217002460001015849'),
('26557','3','王振','15537839367','','中国建设银行','6228480402564890020'),
('26558','100014','王振','18595906710','','中国建设银行','6228480402564890018'),
('26559','100014','王振','18595906710','','中国建设银行','622536833456321342'),
('26560','11','冯松林','15516969393','15516969393','',''),
('26561','10','王振','15537839367','15537839367','','');
DROP TABLE IF EXISTS  `wx_user_withdraw_log`;
CREATE TABLE `wx_user_withdraw_log` (
  `id` int(11) NOT NULL AUTO_INCREMENT,
  `user_id` int(11) NOT NULL DEFAULT '0',
  `money` decimal(10,2) NOT NULL DEFAULT '0.00',
  `type` tinyint(3) NOT NULL DEFAULT '0' COMMENT '1 支付宝 2 银行卡',
  `name` varchar(255) NOT NULL DEFAULT '',
  `tel` char(11) NOT NULL DEFAULT '',
  `alipay_number` char(30) NOT NULL DEFAULT '',
  `bank_name` varchar(255) NOT NULL DEFAULT '',
  `bank_number` char(30) NOT NULL DEFAULT '',
  `state` tinyint(3) NOT NULL DEFAULT '0' COMMENT '0 后台未处理 1 成功 2 驳回',
  `create_time` int(11) NOT NULL DEFAULT '0',
  `success_time` int(11) NOT NULL DEFAULT '0' COMMENT '后台处理这条记录的时间',
  `order_sn` varchar(32) NOT NULL COMMENT '自动打款的订单号',
  PRIMARY KEY (`id`)
) ENGINE=InnoDB AUTO_INCREMENT=52665 DEFAULT CHARSET=utf8 COMMENT='用户提现记录表';

insert into `wx_user_withdraw_log`(`id`,`user_id`,`money`,`type`,`name`,`tel`,`alipay_number`,`bank_name`,`bank_number`,`state`,`create_time`,`success_time`,`order_sn`) values
('52540','1',40.01,'23','ESX)3tt0zB','!~WP','c6dy|l','y>uN','Rw*','88','73','49',''),
('52541','1',57.28,'62','/v5Ztv','IO/Dw8p*D|','+7Kw','Y!/w=Q_]|^','ndjDw','48','48','41',''),
('52542','1',56.09,'35','aWAX-xoe~=','([5','=e4G1jOmjc','ky0w','_HeAmEs','50','15','65',''),
('52543','1',82.38,'34',']GD','X=By','mY9','ScGda:{','hEm:]X','53','91','22',''),
('52544','1',18.44,'60','wM)R4*/','ErEE3Nn4T','>_Czr',']NcA5A80','{IU_h2L%2H','38','4','85',''),
('52545','1',13.35,'28','%%j-<i7y8x','1','Xd~|8*','a7*d7ty!s','l+<?_0','35','35','87',''),
('52546','1',74.30,'79','?!>T0J3k_O','i?-=-','TOMT','KIRV<K1n','7TZNp8I<iK','56','84','73',''),
('52547','1',33.01,'6','iuxZF#:w','B','z}|<','twz&D%','$8_k','66','3','60',''),
('52548','1',24.19,'9','^ZyG$-','A','2','y=J','9Kp<3n[','38','83','55',''),
('52549','1',99.97,'37','@|6','|(gnvf~R','IdgI','fFUZPI^N','G7L8','10','37','9',''),
('52550','1',99.39,'88','/','/X{m{YW','d?:${G','DLXv&4>N=V','=GvbfK#J_/','1','61','49',''),
('52551','1',34.28,'35','qfp6VZ4D8g','^vOg>eq','56','1b','_tpTU<^X','48','30','54',''),
('52552','1',39.19,'39','VGUl>R}','oa5+Ljyk','(','9*~8o','e=0PL','100','75','51',''),
('52553','1',71.00,'42','5fmCa','S#H}','6wHTd','tnZZ?W','7R','8','27','72',''),
('52554','1',73.81,'42','$',')','UQNl)hMr#@','8ve)=^?','q*Uc','31','30','87',''),
('52555','1',20.40,'88','u$','SriPc[z','+R/XR','&','~','41','23','96',''),
('52556','1',12.77,'85','sxb!(','p-bJ','Y#YBrJI|','Ok8}Y3gFO','Y>$OY{K$=Z','76','36','3',''),
('52557','1',40.52,'58','lC&y~0!','Vme','5ZX]Qa%MJ@',')J','Q[','39','4','12',''),
('52558','1',60.43,'40','4rA/NwAZ_','~MBu','lf','jWZY3@A',':u','47','49','77',''),
('52559','1',89.37,'60','sPU==}','u','W','s','P]K8FxQ~','45','58','2',''),
('52560','1',2.50,'2','@_#]','BIM','uTMd?/H[','>','H(9D|jH*[','49','33','64',''),
('52561','1',38.09,'82','=2^Ake*hE)','5^/<_GR{','GgL1S','@','hv3L!','55','25','66',''),
('52562','1',4.57,'36','v','w|nz$RH','S[h#','sQVs1','{@','23','8','49',''),
('52563','1',47.91,'95','zvQRt])~','oxGE%','Ub','Yg5}=','&:X&y','70','96','29',''),
('52564','1',68.32,'39','[X:yr:','1cJ','208',')qSrFHNNA','iTM#YxWdX^','74','53','4',''),
('52565','1',43.91,'98','|=~|o+w|','9[*pt','jt=x','5ezNGN','pm','58','20','72',''),
('52566','1',62.20,'28','9c]W0+{9','I*l2','F|PJ','pSk-~','h]t','65','51','97',''),
('52567','1',74.54,'2','ojO&pVR','zi?E@','kF/%}<','=]8[','Z','9','24','11',''),
('52568','1',19.44,'48','0uD!x','IXOcmF/79e','C]m','Np=so','6qo','74','5','42',''),
('52569','1',34.69,'91','Pw$NVNf1Eu','C{$]ss','ld8FG:F#','9RB)','?w|[|jn!|/','2','28','38',''),
('52570','1',28.02,'42','_V0<Y]X_5[','xj','J3:','f5fep}','SQ*nqV8','55','32','50',''),
('52571','1',30.38,'37',':','1#HR','GvT3)Z3f:','=?#rF','q@l$I~','94','60','37',''),
('52572','1',75.76,'90','GKx(cC/','+lo~1{K','gFCw','~','j/TcaR?','37','46','9',''),
('52573','1',15.07,'75','yBWyT5:h','5A=','j4n=aNy=A+','?xTD-h','02%[|_','36','61','10',''),
('52574','1',65.10,'72','STWayYJC*s','e9yG',':','F?','LwK','63','36','70',''),
('52575','1',88.77,'80','Mny','p]K#^','E7P)','Vl','m:7','100','66','1',''),
('52576','1',4.10,'17','l#8','Yw03','5=|q}9','zJ','qsAC+}','12','33','70',''),
('52577','1',72.19,'24','i',':0ARrUr','e(pP)g','a|gg{!pOh!','aQ$:$b@&','13','40','25',''),
('52578','1',33.25,'57','((%Ne','jn%w_kA7gw',':9h','P1zh','3WPHY','67','68','95',''),
('52579','1',67.36,'51','Jm/n','s/M97Z7SdD','opYDz03+J','!Uiq~%','-','91','62','36',''),
('52580','1',84.40,'83','5:6q}MVZpg',':lLBqp','wF^0)C>vu','-5Hs)',')%^tn%YX?','20','38','56',''),
('52581','1',74.82,'79','?#','m<<%v','<0C','L','r7B','62','97','46',''),
('52582','1',45.88,'49','vPwrha','$#5+M)','ZJ','}Xb1VL%Nz','PFOV','71','6','56',''),
('52583','1',18.50,'51','7gT','/CL','Cmb}jB','qqX!h>(eT','-','39','29','74',''),
('52584','1',78.26,'89','o<9ecX','phwLgt0^=k','7|','|e','jQaPO','44','10','61',''),
('52585','1',19.59,'62','s','do','oN[C/b5A','f^+|(~','VM1fpo8','6','80','92',''),
('52586','1',60.60,'80','Dp9h^9c','#Z$fW4L/','H2I2m@+','e:','=','36','64','99',''),
('52587','1',70.63,'89','6ou5QNY','xrPELg!eI[','x&FDFKJ%','pdrr/1cK(#','s','62','56','17',''),
('52588','1',29.20,'44','q8EZ<C3Aa','[G','T@B5B','K','bT?!8h)knn','53','61','23',''),
('52589','1',57.12,'68','JZo6WE','i$zwd}&/','{ST%a59','R4%tCI2u','Z_','97','72','52',''),
('52590','1',39.24,'55','K|q','O6!|1H','us8}za6','j]w*3','pQK','21','29','73',''),
('52591','1',43.37,'46','Tk)tkQ5lr&','-','X_%fV7uN','R','ghJ','55','55','9',''),
('52592','1',17.60,'24','}','XI','R&I','Q:','?3{*5f','57','36','68',''),
('52593','1',49.21,'28','X}P','N|F(IdG2','CH(E+N:wS','GNUNsztD','vwug','2','11','93',''),
('52594','1',42.81,'42','U4vNOYMSnj','I9_^4M#','R%]#','sK','S{kKQ$%I','43','48','55',''),
('52595','1',73.55,'43','k@','D4','98Mqn?pvA','ey','K','78','69','89',''),
('52596','1',68.07,'91','wT9$Q#^O]:','E@','3','q|wW','!c','16','49','100',''),
('52597','1',34.44,'6','fLazVJ)]8','!^yrXS','$h2','?','Kv|H','41','88','63',''),
('52598','1',71.63,'42',':5','<GXIA+ib','LKy','3c!V','E-aED2+@0v','78','27','82',''),
('52599','1',11.84,'76','!E','8[U!&1qwm0','aC6G^)je^','7umq:?/Bd','_Gx!','52','65','23',''),
('52600','1',27.83,'6','^Z}:','qyX6','o[Rlv-n','KRu{io','kSd3cDQxwz','41','97','42',''),
('52601','1',66.56,'69','adw7','Q','*','E]w0ts/','O}ys49D','9','38','40',''),
('52602','1',44.26,'15','#YinZ)5N','eL','5q0aSPR*e','M5gou','1@TU^Z_!j2','99','35','49',''),
('52603','1',54.74,'66','~)','D[&^O[','OGo','}S/D)No','W!AYMF19E','59','31','46',''),
('52604','1',23.81,'86','OpIxCk','R)|','%u*','L','bdYU&~3G','73','23','26',''),
('52605','1',41.65,'20','co$:50','~|$-{wG?:','I#FMfg6','>AExa0B4','J!nd9','80','88','18',''),
('52606','1',42.01,'30',':cs=','w3QDze','Y<0/s<7','v7T','#Zl)','31','17','62',''),
('52607','1',46.07,'64','cQbL','5f-I8^2j2D','TJ#','*nn-0kRl:',']n','47','61','77',''),
('52608','1',15.61,'45','v_r)C%&^0','M|','+ao_4Mv=9t','lf_&>RO','=<G8','1','59','26',''),
('52609','1',19.51,'32','x[EZru','P$9>[(|','1S)r^-','/w&>8&','wQsi{','97','87','90',''),
('52610','1',25.70,'6','@xQPBulaO','d]b4WNn]5l','N!bclK+8^X','Y^|T','T05ap{','75','35','91',''),
('52611','1',14.42,'51','%m7A{','kjjtV','6+x[','f','I+:','23','98','57',''),
('52612','1',8.92,'98','McIxK2Y','*Ng^^{','JA?l=O','TaDlx','wZ}K5','43','4','83',''),
('52613','1',64.56,'18','2NM<%E','mS5vJ)*h@:','/}:HYAs','4[','m}ugYMKb','45','20','22',''),
('52614','1',24.69,'45','V:aw[','CIGN','tdWCp','<D','ae6E','52','65','16',''),
('52615','1',8.11,'71','T',')g%hOaQ','g0&EjnpY!','1S?','%','55','16','100',''),
('52616','1',88.02,'99','*GJHbHyL3)','%[r','=1','GtLH','yy]Ai![O)','60','75','23',''),
('52617','1',36.95,'39','^GEe~eJma','c%%w','}_','Y-AyZh-6K','L=','4','85','73',''),
('52618','1',67.78,'14','@{t&m!KA9Q','}P','*KlVxH','/u','Q','21','51','15',''),
('52619','1',76.32,'80','A6<cK','Ui','c&_3UOq)9','[skeal','Ik','32','74','100',''),
('52620','1',78.63,'34','XY%o&[MUX','F','!SN1','^s:B','xwcFHE$C','97','50','53',''),
('52621','1',97.13,'92','cyc37*BM','_yZ','P','p9j','@AoFEeehPy','6','8','8',''),
('52622','1',9.36,'33','aq#mc@','7%bw?Mjf','?gB&>','-rEa','hm9uP','35','89','98',''),
('52623','1',38.50,'78','or}:_B','Dy#$=M+e:','L','|dUBVG','pLjT','51','69','10',''),
('52624','1',89.06,'20','c','YkyM','A%>8vn:','g6BDc}e$$','Xfn+ML!8-','24','22','46',''),
('52625','1',64.71,'12','/?H4mr','oq','u','H','oC90FH=wU','85','57','82',''),
('52626','1',31.00,'42','K}4W8','7(DE','n','m8=l','P]fL8!hx$Z','59','10','29',''),
('52627','1',16.93,'3','R?','ZdG','zd$&<!~','PqYX','UAd{tm|E|','99','33','60',''),
('52628','1',49.62,'38','g7z|Q!Hy','a','3LwRcA','):N$B','x355l$[h','13','66','55',''),
('52629','1',95.91,'37','1solzFeY','c_%-lbT','OL6?l','rK!ja=AR','Z1UjM','17','80','49',''),
('52630','1',98.03,'52','Aj8K','9DW%x','~5u6qTvz3','(Bp^-$8','|Yn&ml','12','26','12',''),
('52631','1',46.60,'43','ry}=X','Do%','/&+Q66cV-','l5%h','P@z]','85','40','67',''),
('52632','1',65.32,'90','#iPcW!4_BK','809En?','5_g2QJ','jVb1AQq','>qR8KIVLv>','62','76','28',''),
('52633','1',77.21,'66','}A','LXW','X','xEL*I','[Bo*WUK','6','18','8',''),
('52634','1',30.99,'42','/X=~*6z2U','aQutz>@w','[P7~J_}B9Z','~RXRtL5','Mv8=','44','19','86',''),
('52635','1',24.62,'46','/<Y:$A','!Nm',')dr6yQtGv2','Eql','Lno-Nk0s7#','18','90','11',''),
('52636','1',52.43,'26','CC3^','b/f*&!r','}m','R','FMM+2V31x','33','65','35',''),
('52637','1',81.36,'88','&*/W1','Z','Tkvj||1S_/','Zh$4DWk','g#{','75','94','28',''),
('52638','1',25.45,'85','b#?fo}AT','bxFWk*rVd<','Y&81itr)z}','({d',')5kg','69','99','93',''),
('52639','1',17.25,'71','alpkQ(','H<gD4z','^=p-E','K*B7U!yCt','/!%lX@nx%','12','27','25',''),
('52640','1',5.00,'1','李佳飞','18317774594','18317774594','','','1','1521595628','1521777453',''),
('52641','1',1.00,'1','李佳飞','18317774594','18317774594','','','2','1521623166','1521777456',''),
('52642','3',10.00,'1','王振','18595906710','15537839367','','','1','1521623402','1523173887',''),
('52643','3',10.00,'1','王振','18595906710','15537839367','','','3','1521691737','0',''),
('52644','1',1.00,'1','李佳飞','18317774594','18317774594','','','1','1521691855','1522809108',''),
('52645','1',10.00,'1','李佳飞','18317774594','18317774594','','','3','1521691870','0',''),
('52646','3',10.00,'2','王振','18595906710','','河南郑州','622263845678123412','1','1521711720','1521777393',''),
('52647','3',10.00,'1','王振','18595906710','15537839367','','','3','1521863074','0',''),
('52648','3',10.00,'1','王振','18595906710','15537839367','','','3','1521863714','0',''),
('52649','1',10.00,'2','李佳飞','18317774594','','河南郑州','622263845678123412','1','1521948206','1521948768',''),
('52650','1',10.00,'2','李佳飞','18317774594','','河南郑州','622263845678123412','2','1521948208','1521948771',''),
('52651','1',10.00,'2','李佳飞','18317774594','','河南郑州','622263845678123412','1','1521964520','1522030019',''),
('52652','3',1.00,'2','王振','18595906710','','中国招商银行','622263845678123412','3','1521964786','0',''),
('52653','1',10.00,'2','李佳飞','18317774594','','河南郑州','622263845678123412','1','1522029661','1522030048',''),
('52654','3',1.00,'2','王振','18595906710','','中国工商银行','6228480402564890018','3','1522222565','0',''),
('52655','3',10.00,'2','王振','18595906710','','中国交通银行','623568453641234567','3','1522224502','0',''),
('52656','1',10.00,'1','李佳飞','18317774594','18317774594','','','1','1522808407','1522809139',''),
('52657','1',10.00,'2','李佳飞','18317774594','','建设银行','6217002460001015849','2','1522808489','1522809221',''),
('52658','1',10.00,'1','李佳飞','18317774594','18317774594','','','3','1523252088','0',''),
('52659','1',10.00,'1','李佳飞','18317774594','18317774594','','','3','1523252178','0',''),
('52660','1',10.00,'1','李佳飞','18317774594','18317774594','','','3','1523321083','0',''),
('52661','1',50.00,'1','李佳飞','18317774594','18317774594','','','0','1523321095','0',''),
('52662','11',10.00,'1','冯松林','15516969393','15516969393','','','0','1523358878','0',''),
('52663','10',20.00,'1','王振','15537839367','15537839367','','','0','1523358916','0',''),
('52664','10',1000000.00,'1','王振','15537839367','15537839367','','','0','1523358927','0','');
DROP TABLE IF EXISTS  `wx_web_config`;
CREATE TABLE `wx_web_config` (
  `id` int(11) NOT NULL AUTO_INCREMENT,
  `buy_time` varchar(255) NOT NULL DEFAULT '',
  `withdraw_number` int(11) NOT NULL DEFAULT '0' COMMENT '一天提现次数',
  `withdraw_min_money` decimal(10,2) NOT NULL DEFAULT '0.00' COMMENT '每天最低提现多少钱',
  `xv_bili` decimal(10,2) NOT NULL DEFAULT '0.00' COMMENT '小V的享受薪酬',
  `dv_bili` decimal(10,2) NOT NULL DEFAULT '0.00' COMMENT '大V',
  `gf_bili` decimal(10,2) NOT NULL DEFAULT '0.00',
  `lh_bili` decimal(10,2) NOT NULL DEFAULT '0.00',
  `one_bili` decimal(10,2) NOT NULL DEFAULT '0.00' COMMENT 'V4联合创始人 享受下级高管的分润',
  `two_bili` decimal(10,2) NOT NULL DEFAULT '0.00',
  `three_bili` decimal(10,2) NOT NULL DEFAULT '0.00',
  `yunfei` decimal(10,2) NOT NULL DEFAULT '0.00' COMMENT '秒杀的商品',
  `lottery_win_bili` decimal(10,2) NOT NULL DEFAULT '0.00' COMMENT '抽奖的中奖比例',
  `lottery_jifen` decimal(10,2) NOT NULL DEFAULT '0.00' COMMENT '玩一次积分抽奖要多少积分',
  `vip_bili` decimal(10,2) NOT NULL DEFAULT '0.00' COMMENT 'VIP的返现比例',
  `sd_bili` decimal(10,2) NOT NULL DEFAULT '0.00' COMMENT '省代的比例',
  `zd_bili` decimal(10,2) NOT NULL DEFAULT '0.00' COMMENT '总代比例',
  `gf1_bili` decimal(10,3) NOT NULL DEFAULT '0.000' COMMENT '官方比例',
  `lc_bili` decimal(10,2) NOT NULL DEFAULT '0.00' COMMENT '联创',
  `tj_bili` decimal(10,2) NOT NULL DEFAULT '0.00' COMMENT '同级级别',
  `xj_bili` decimal(10,3) NOT NULL DEFAULT '0.000' COMMENT '下级比例',
  PRIMARY KEY (`id`)
) ENGINE=InnoDB AUTO_INCREMENT=2 DEFAULT CHARSET=utf8 COMMENT='关于网站的一些配置文件，比如提现次数  金额  比例等等';

insert into `wx_web_config`(`id`,`buy_time`,`withdraw_number`,`withdraw_min_money`,`xv_bili`,`dv_bili`,`gf_bili`,`lh_bili`,`one_bili`,`two_bili`,`three_bili`,`yunfei`,`lottery_win_bili`,`lottery_jifen`,`vip_bili`,`sd_bili`,`zd_bili`,`gf1_bili`,`lc_bili`,`tj_bili`,`xj_bili`) values
('1','{"start":1523548800,"end":1524153600}','2',0.01,400.00,700.00,100.00,1300.00,200.00,100.00,500.00,60.00,0.90,100.00,5.00,10.00,15.00,17.500,20.00,5.00,7.500);
SET FOREIGN_KEY_CHECKS = 1;

